iteration,loss,grad_norm,x,y,optimizer,elapsed_seconds,test_acc
0,42.40773837720497,70.21102905273438,-0.5429926514625549,3.277708053588867,SAM_SGD,0.0,0.01
1,37.90603500105025,70.65445709228516,-0.5544096231460571,3.2153329849243164,SAM_SGD,0.001,0.01
2,33.22587147647816,61.64832305908203,-0.569064736366272,3.146193742752075,SAM_SGD,0.002,0.01
3,29.65712336598171,48.41541290283203,-0.5868428349494934,3.0811331272125244,SAM_SGD,0.003,0.01
4,27.597237321682258,42.20151519775391,-0.6067870259284973,3.032125473022461,SAM_SGD,0.004,0.01
5,26.2995436914436,45.12229537963867,-0.6295037865638733,3.0050179958343506,SAM_SGD,0.005,0.01
6,24.82965251694901,51.5737419128418,-0.6587143540382385,2.993520498275757,SAM_SGD,0.006,0.01
7,22.70137584567916,58.030670166015625,-0.6971887350082397,2.98877215385437,SAM_SGD,0.007,0.01
8,19.758774414986657,61.32487106323242,-0.7460703253746033,2.9866952896118164,SAM_SGD,0.008,0.01
9,16.27656360334181,57.65118789672852,-0.8039377331733704,2.985733985900879,SAM_SGD,0.009,0.01
10,13.07874006278962,45.33731842041016,-0.8652424812316895,2.9852681159973145,SAM_SGD,0.01,0.01
11,11.00301025106114,27.997865676879883,-0.9212380647659302,2.985034227371216,SAM_SGD,0.011,0.01
12,10.127107009319833,11.791080474853516,-0.9649620056152344,2.9849140644073486,SAM_SGD,0.012,0.01
13,9.949566055306953,0.0675734430551529,-0.9951289892196656,2.9848523139953613,SAM_SGD,0.013,0.01
14,10.024758649559756,7.698687553405762,-0.9754640460014344,2.9852445125579834,SAM_SGD,0.014,0.01
15,9.959319963642075,2.78289532661438,-1.0019713640213013,2.984696626663208,SAM_SGD,0.015,0.01
16,9.995566142418385,6.027773380279541,-0.9797173142433168,2.985205173492432,SAM_SGD,0.016,0.01
17,9.968420481808748,3.8684144020080566,-1.004706621170044,2.984614610671997,SAM_SGD,0.017,0.01
18,9.985830020062616,5.353980541229248,-0.9814283847808838,2.985195636749268,SAM_SGD,0.018,0.01
19,9.972895673583675,4.302794933319092,-1.0058010816574097,2.984565734863281,SAM_SGD,0.019,0.01
20,9.982247964048728,5.083407878875732,-0.9821152687072754,2.98520565032959,SAM_SGD,0.02,0.01
21,9.97482136656925,4.476729393005371,-1.0062389373779297,2.984529972076416,SAM_SGD,0.021,0.01
22,9.980864404759473,4.974924564361572,-0.9823910593986512,2.985225915908813,SAM_SGD,0.022,0.01
23,9.975614207280532,4.546402454376221,-1.006413817405701,2.9844987392425537,SAM_SGD,0.023,0.01
24,9.980318538974371,4.931462287902832,-0.9825021028518676,2.9852516651153564,SAM_SGD,0.024,0.01
25,9.975935978207836,4.574374675750732,-1.0064834356307983,2.984468460083008,SAM_SGD,0.025,0.01
26,9.980101045732676,4.914037704467773,-0.9825472831726074,2.985281229019165,SAM_SGD,0.026,0.01
27,9.976066486754432,4.58566951751709,-1.006510853767395,2.9844369888305664,SAM_SGD,0.027,0.01
28,9.980014066122504,4.907052040100098,-0.9825661778450012,2.985314130783081,SAM_SGD,0.028,0.01
29,9.976119229082972,4.5902252197265625,-1.0065211057662964,2.984403610229492,SAM_SGD,0.029,0.01
30,9.97997955092674,4.904277801513672,-0.9825745820999146,2.985349655151367,SAM_SGD,0.03,0.01
31,9.976141133298764,4.592114448547363,-1.0065244436264038,2.984368085861206,SAM_SGD,0.031,0.01
32,9.979965721974285,4.903166770935059,-0.982578992843628,2.9853880405426025,SAM_SGD,0.032,0.01
33,9.976150954719548,4.592959403991699,-1.006524920463562,2.98432993888855,SAM_SGD,0.033,0.01
34,9.97996048103094,4.902746200561523,-0.982581913471222,2.985429525375366,SAM_SGD,0.034,0.01
35,9.97615602649632,4.593394756317139,-1.0065240859985352,2.984288692474365,SAM_SGD,0.035,0.01
36,9.97995848816744,4.902587890625,-0.9825844764709472,2.9854743480682373,SAM_SGD,0.036,0.01
37,9.976159782391916,4.593714714050293,-1.0065226554870603,2.9842443466186523,SAM_SGD,0.037,0.01
38,9.979957585301351,4.902516841888428,-0.9825871586799622,2.985522508621216,SAM_SGD,0.038,0.01
39,9.976162995019925,4.593987941741943,-1.0065207481384275,2.984196662902832,SAM_SGD,0.039,0.01
40,9.979957155903657,4.90248441696167,-0.9825901389122008,2.985574245452881,SAM_SGD,0.04,0.01
41,9.976165920834555,4.594235420227051,-1.0065183639526367,2.984145402908325,SAM_SGD,0.041,0.01
42,9.979957274590468,4.902496337890625,-0.9825934767723083,2.98563003540039,SAM_SGD,0.042,0.01
43,9.976169468942834,4.594535827636719,-1.006515622138977,2.9840900897979736,SAM_SGD,0.043,0.01
44,9.97995712326417,4.902487277984619,-0.9825974106788636,2.985690116882324,SAM_SGD,0.044,0.01
45,9.97617343732256,4.594871520996094,-1.0065124034881592,2.9840304851531982,SAM_SGD,0.045,0.01
46,9.979957095108814,4.902488231658936,-0.9826019406318665,2.9857547283172607,SAM_SGD,0.046,0.01
47,9.976178214435418,4.59527587890625,-1.006508708000183,2.98396635055542,SAM_SGD,0.047,0.01
48,9.979957340278611,4.902512550354004,-0.982607126235962,2.98582410812378,SAM_SGD,0.048,0.01
49,9.976183600405184,4.595731735229492,-1.0065044164657593,2.9838976860046387,SAM_SGD,0.049,0.01
50,9.979957188612577,4.902504920959473,-0.982613205909729,2.985898494720459,SAM_SGD,0.05,0.01
51,9.976189712163476,4.596248149871826,-1.006499409675598,2.983823776245117,SAM_SGD,0.051,0.01
52,9.979957299704813,4.902519226074219,-0.9826201796531676,2.985978364944458,SAM_SGD,0.052,0.01
53,9.97619701297518,4.596865653991699,-1.0064936876296997,2.9837446212768555,SAM_SGD,0.053,0.01
54,9.97995732788956,4.902528285980225,-0.9826282262802124,2.9860637187957764,SAM_SGD,0.054,0.01
55,9.976205134023276,4.597550868988037,-1.0064870119094849,2.983659744262696,SAM_SGD,0.055,0.01
56,9.979957333896984,4.902536869049072,-0.9826375246047974,2.986155271530152,SAM_SGD,0.056,0.01
57,9.976214778953889,4.598365783691406,-1.0064793825149536,2.9835689067840576,SAM_SGD,0.057,0.01
58,9.979956843239965,4.902506351470947,-0.9826483130455016,2.986253023147583,SAM_SGD,0.058,0.01
59,9.976226313460222,4.599339962005615,-1.0064706802368164,2.983471632003784,SAM_SGD,0.059,0.01
60,9.979956296550563,4.902472972869873,-0.982660710811615,2.986357450485229,SAM_SGD,0.06,0.01
61,9.976238858031287,4.600398063659668,-1.0064605474472046,2.983367919921875,SAM_SGD,0.061,0.01
62,9.97995582723837,4.902447700500488,-0.9826748967170716,2.98646879196167,SAM_SGD,0.062,0.01
63,9.976254064285142,4.601681232452393,-1.0064491033554075,2.983257293701172,SAM_SGD,0.063,0.01
64,9.97995464257538,4.90236759185791,-0.98269122838974,2.9865870475769043,SAM_SGD,0.064,0.01
65,9.976271388441962,4.603142261505127,-1.0064359903335571,2.983139514923096,SAM_SGD,0.065,0.01
66,9.979953237371248,4.902270793914795,-0.9827098846435548,2.986712694168091,SAM_SGD,0.066,0.01
67,9.976290942509795,4.604789733886719,-1.0064209699630735,2.9830143451690674,SAM_SGD,0.067,0.01
68,9.97995151040329,4.9021525382995605,-0.9827311635017396,2.9868459701538086,SAM_SGD,0.068,0.01
69,9.976313499625782,4.606688976287842,-1.006403923034668,2.982881546020508,SAM_SGD,0.069,0.01
70,9.979948806572862,4.901957988739014,-0.9827554225921632,2.9869866371154785,SAM_SGD,0.07,0.01
71,9.976339560073502,4.608882904052734,-1.0063847303390503,2.982741355895996,SAM_SGD,0.071,0.01
72,9.97994529665543,4.901701927185059,-0.9827829003334044,2.9871346950531006,SAM_SGD,0.072,0.01
73,9.976368993234814,4.611357688903809,-1.006363034248352,2.982593536376953,SAM_SGD,0.073,0.01
74,9.97994066551352,4.901359558105469,-0.9828139543533324,2.987290143966675,SAM_SGD,0.074,0.01
75,9.976402431711817,4.6141676902771,-1.0063387155532837,2.982438325881958,SAM_SGD,0.075,0.01
76,9.97993502123336,4.90093994140625,-0.982848823070526,2.987452745437622,SAM_SGD,0.076,0.01
77,9.976439697030653,4.617295265197754,-1.0063114166259766,2.9822757244110107,SAM_SGD,0.077,0.01
78,9.979927672323688,4.900387763977051,-0.982887864112854,2.987622022628784,SAM_SGD,0.078,0.01
79,9.976481789125792,4.620824813842773,-1.0062811374664309,2.982106208801269,SAM_SGD,0.079,0.01
80,9.979918464186138,4.899690628051758,-0.9829313158988952,2.987797498703003,SAM_SGD,0.08,0.01
81,9.976529116048637,4.624789714813232,-1.0062477588653564,2.9819302558898926,SAM_SGD,0.081,0.01
82,9.979906902276271,4.89880895614624,-0.982979416847229,2.987978458404541,SAM_SGD,0.082,0.01
83,9.976581197703728,4.629146575927734,-1.0062110424041748,2.981748580932617,SAM_SGD,0.083,0.01
84,9.97989321321405,4.897761821746826,-0.9830322265625,2.988164186477661,SAM_SGD,0.084,0.01
85,9.976638477897415,4.633931636810303,-1.0061709880828855,2.9815618991851807,SAM_SGD,0.085,0.01
86,9.979876534979848,4.896478176116943,-0.9830898642539978,2.988353490829468,SAM_SGD,0.086,0.01
87,9.976700579939658,4.6391119956970215,-1.0061275959014893,2.9813714027404785,SAM_SGD,0.087,0.01
88,9.97985681962256,4.894955158233643,-0.9831522107124328,2.988545179367065,SAM_SGD,0.088,0.01
89,9.976768547306117,4.644773960113525,-1.0060811042785645,2.981177806854248,SAM_SGD,0.089,0.01
90,9.979833405173949,4.8931379318237305,-0.9832192063331604,2.9887380599975586,SAM_SGD,0.09,0.01
91,9.976841072453228,4.650804042816162,-1.006031513214111,2.980982542037964,SAM_SGD,0.091,0.01
92,9.979806664847434,4.891056060791016,-0.9832904934883118,2.988930940628052,SAM_SGD,0.092,0.01
93,9.976918371020083,4.65722131729126,-1.0059791803359983,2.980786800384521,SAM_SGD,0.093,0.01
94,9.979775915457733,4.888653755187988,-0.9833657741546632,2.9891223907470703,SAM_SGD,0.094,0.01
95,9.976999753659875,4.663963794708252,-1.0059243440628052,2.9805917739868164,SAM_SGD,0.095,0.01
96,9.97974138434631,4.8859477043151855,-0.9834444522857666,2.98931097984314,SAM_SGD,0.096,0.01
97,9.977084765093323,4.670994758605957,-1.0058674812316897,2.9803988933563232,SAM_SGD,0.097,0.01
98,9.979702988021767,4.882930278778076,-0.9835259914398192,2.9894955158233643,SAM_SGD,0.098,0.01
99,9.977172918939727,4.678271770477295,-1.0058090686798096,2.980209350585937,SAM_SGD,0.099,0.01
100,9.979661510372363,4.879662990570068,-0.983609676361084,2.989675045013428,SAM_SGD,0.1,0.01
101,9.977262322427842,4.685635566711426,-1.0057493448257446,2.9800243377685547,SAM_SGD,0.101,0.01
102,9.979616992573922,4.876147747039795,-0.9836946725845336,2.9898481369018555,SAM_SGD,0.102,0.01
103,9.977352765753237,4.693069934844971,-1.005689024925232,2.9798450469970703,SAM_SGD,0.103,0.01
104,9.979569462733046,4.872385501861572,-0.9837802648544312,2.990013837814331,SAM_SGD,0.104,0.01
105,9.977444643857662,4.70060920715332,-1.0056288242340088,2.9796721935272217,SAM_SGD,0.105,0.01
106,9.979519904667178,4.868453979492188,-0.9838657975196838,2.9901719093322754,SAM_SGD,0.106,0.01
107,9.977535122951528,4.708016872406006,-1.0055688619613647,2.979506731033325,SAM_SGD,0.107,0.01
108,9.9794684542879,4.864364147186279,-0.9839504361152648,2.990321397781372,SAM_SGD,0.108,0.01
109,9.977625216931262,4.715380668640137,-1.005509853363037,2.97934889793396,SAM_SGD,0.109,0.01
110,9.979415560273443,4.860150337219238,-0.984033703804016,2.990462303161621,SAM_SGD,0.11,0.01
111,9.977713329750856,4.722568035125732,-1.0054521560668943,2.979199409484864,SAM_SGD,0.111,0.01
112,9.979362150378382,4.855887413024902,-0.9841147661209106,2.9905941486358643,SAM_SGD,0.112,0.01
113,9.977798288996237,4.729484558105469,-1.0053961277008057,2.9790587425231934,SAM_SGD,0.113,0.01
114,9.97930913405452,4.851648807525635,-0.9841930270195008,2.9907169342041016,SAM_SGD,0.114,0.01
115,9.977880482252662,4.736165046691895,-1.0053422451019287,2.97892689704895,SAM_SGD,0.115,0.01
116,9.979256502645468,4.847433567047119,-0.9842682480812072,2.990830898284912,SAM_SGD,0.116,0.01
117,9.977959456139658,4.742573261260986,-1.0052906274795532,2.9788036346435547,SAM_SGD,0.117,0.01
118,9.97920486775369,4.843291759490967,-0.9843400716781616,2.990936279296875,SAM_SGD,0.118,0.01
119,9.978034308925002,4.748636245727539,-1.0052413940429688,2.978688955307007,SAM_SGD,0.119,0.01
120,9.979154693106,4.839260578155518,-0.98440819978714,2.9910333156585693,SAM_SGD,0.12,0.01
121,9.978105296848804,4.754377841949463,-1.0051947832107544,2.9785826206207275,SAM_SGD,0.121,0.01
122,9.979106147965782,4.835355281829834,-0.9844725728034972,2.9911224842071533,SAM_SGD,0.122,0.01
123,9.978172308027377,4.759790420532227,-1.0051509141921997,2.9784843921661377,SAM_SGD,0.123,0.01
124,9.97905955599063,4.831601619720459,-0.9845331311225892,2.991204261779785,SAM_SGD,0.124,0.01
125,9.978234994085888,4.764846324920654,-1.0051096677780151,2.978393793106079,SAM_SGD,0.125,0.01
126,9.979015509861362,4.828049182891846,-0.9845896363258362,2.991278886795044,SAM_SGD,0.126,0.01
127,9.978292889033945,4.7695088386535645,-1.0050711631774902,2.978310823440552,SAM_SGD,0.127,0.01
128,9.97897445395753,4.824735164642334,-0.984642207622528,2.991347074508667,SAM_SGD,0.128,0.01
129,9.978347132318758,4.773873329162598,-1.0050352811813354,2.97823452949524,SAM_SGD,0.129,0.01
130,9.978935028301688,4.821547985076904,-0.9846911430358888,2.9914090633392334,SAM_SGD,0.13,0.01
131,9.97839763985039,4.777933120727539,-1.0050020217895508,2.9781646728515625,SAM_SGD,0.131,0.01
132,9.978898435898827,4.818587779998779,-0.984736442565918,2.9914655685424805,SAM_SGD,0.132,0.01
133,9.978444099691604,4.781662940979004,-1.0049711465835571,2.978100776672364,SAM_SGD,0.133,0.01
134,9.978864020969484,4.815800666809082,-0.9847782850265504,2.991516828536988,SAM_SGD,0.134,0.01
135,9.978487087363618,4.785111904144287,-1.004942774772644,2.9780426025390625,SAM_SGD,0.135,0.01
136,9.978831446614238,4.813159942626953,-0.9848167896270752,2.991563081741333,SAM_SGD,0.136,0.01
137,9.978526474020436,4.788268566131592,-1.0049166679382324,2.977989673614502,SAM_SGD,0.137,0.01
138,9.97880235502655,4.810800552368164,-0.9848520755767822,2.991605281829834,SAM_SGD,0.138,0.01
139,9.978562221450758,4.791130542755127,-1.0048925876617432,2.9779415130615234,SAM_SGD,0.139,0.01
140,9.978775219600887,4.808598518371582,-0.9848844408988952,2.9916434288024902,SAM_SGD,0.14,0.01
141,9.978594654469438,4.79372501373291,-1.0048705339431765,2.977897882461548,SAM_SGD,0.141,0.01
142,9.978750151065396,4.806562423706055,-0.9849139451980592,2.991677761077881,SAM_SGD,0.142,0.01
143,9.97862480159568,4.796136379241943,-1.0048505067825315,2.977858304977417,SAM_SGD,0.143,0.01
144,9.9787272410161,4.80470085144043,-0.9849408268928528,2.991708755493164,SAM_SGD,0.144,0.01
145,9.978652812976254,4.798376083374023,-1.0048322677612305,2.9778223037719727,SAM_SGD,0.145,0.01
146,9.978705694518393,4.802948474884033,-0.9849655628204346,2.991736888885498,SAM_SGD,0.146,0.01
147,9.978677763326845,4.8003692626953125,-1.0048154592514038,2.977789640426636,SAM_SGD,0.147,0.01
148,9.978686239859782,4.801365852355957,-0.9849880933761596,2.991762399673462,SAM_SGD,0.148,0.01
149,9.978700627518352,4.802194595336914,-1.0048002004623413,2.977760076522827,SAM_SGD,0.149,0.01
150,9.978668503804672,4.799922466278076,-0.9850084781646729,2.991785287857056,SAM_SGD,0.15,0.01
151,9.978721008911512,4.803820610046387,-1.004786252975464,2.977733373641968,SAM_SGD,0.151,0.01
152,9.97865250256729,4.798620223999023,-0.985027015209198,2.991806030273437,SAM_SGD,0.152,0.01
153,9.978739467023528,4.80529260635376,-1.0047736167907717,2.9777092933654785,SAM_SGD,0.153,0.01
154,9.978637908656308,4.797431468963623,-0.98504376411438,2.9918246269226074,SAM_SGD,0.154,0.01
155,9.978756117425402,4.806619644165039,-1.0047621726989746,2.9776875972747803,SAM_SGD,0.155,0.01
156,9.97862502266123,4.796381950378418,-0.9850589632987976,2.991841554641724,SAM_SGD,0.156,0.01
157,9.978771770191395,4.807868003845215,-1.0047518014907837,2.977667808532715,SAM_SGD,0.157,0.01
158,9.978612189366096,4.79533576965332,-0.9850728511810304,2.991856575012207,SAM_SGD,0.158,0.01
159,9.978786367589848,4.809032440185547,-1.0047425031661987,2.9776499271392822,SAM_SGD,0.159,0.01
160,9.978601338365168,4.7944512367248535,-0.985085427761078,2.991870403289795,SAM_SGD,0.16,0.01
161,9.978798686739774,4.8100128173828125,-1.0047338008880615,2.977633714675904,SAM_SGD,0.161,0.01
162,9.978591302070216,4.793632984161377,-0.98509681224823,2.991882801055908,SAM_SGD,0.162,0.01
163,9.978810075340132,4.810919761657715,-1.0047260522842407,2.977619171142578,SAM_SGD,0.163,0.01
164,9.978582474810295,4.792913436889648,-0.9851070642471312,2.991894006729126,SAM_SGD,0.164,0.01
165,9.9788202537949,4.811729907989502,-1.0047190189361572,2.9776060581207275,SAM_SGD,0.165,0.01
166,9.978574130095508,4.792232513427734,-0.9851163625717164,2.991904020309448,SAM_SGD,0.166,0.01
167,9.97882987613693,4.812496662139893,-1.004712700843811,2.9775941371917725,SAM_SGD,0.167,0.01
168,9.978566444858238,4.791605472564697,-0.9851248264312744,2.991913080215454,SAM_SGD,0.168,0.01
169,9.978838459208331,4.813179969787598,-1.0047069787979126,2.977583408355713,SAM_SGD,0.169,0.01
170,9.978559400456373,4.791030406951904,-0.9851324558258056,2.991921186447144,SAM_SGD,0.17,0.01
171,9.978845983876225,4.813778877258301,-1.004701852798462,2.977573871612549,SAM_SGD,0.171,0.01
172,9.978553647417623,4.790561199188232,-0.98513925075531,2.991928577423096,SAM_SGD,0.172,0.01
173,9.97885265736793,4.814309597015381,-1.0046972036361694,2.977565288543701,SAM_SGD,0.173,0.01
174,9.978548709536383,4.790158748626709,-0.9851453304290771,2.9919352531433105,SAM_SGD,0.174,0.01
175,9.978858692600207,4.814789295196533,-1.0046929121017456,2.977557420730591,SAM_SGD,0.175,0.01
176,9.978543418636368,4.789726257324219,-0.9851509928703308,2.991941213607788,SAM_SGD,0.176,0.01
177,9.978864541294028,4.81525468826294,-1.00468909740448,2.9775502681732178,SAM_SGD,0.177,0.01
178,9.97853846088212,4.789320945739746,-0.9851560592651368,2.9919464588165283,SAM_SGD,0.178,0.01
179,9.978869508414473,4.81564998626709,-1.0046857595443726,2.977544069290161,SAM_SGD,0.179,0.01
180,9.978534728879708,4.7890167236328125,-0.98516047000885,2.9919512271881104,SAM_SGD,0.18,0.01
181,9.9788740400191,4.816009998321533,-1.0046826601028442,2.9775383472442627,SAM_SGD,0.181,0.01
182,9.97853082959918,4.788698196411133,-0.9851645827293396,2.991955518722534,SAM_SGD,0.182,0.01
183,9.978878591758695,4.816373348236084,-1.0046799182891846,2.9775331020355225,SAM_SGD,0.183,0.01
184,9.978527660403422,4.788439750671387,-0.9851683378219604,2.991959571838379,SAM_SGD,0.184,0.01
185,9.978882699885665,4.8167009353637695,-1.004677414894104,2.9775283336639404,SAM_SGD,0.185,0.01
186,9.978524317023217,4.788166522979736,-0.9851717948913574,2.991963148117065,SAM_SGD,0.186,0.01
187,9.978885901489647,4.816955089569092,-1.004675030708313,2.9775240421295166,SAM_SGD,0.187,0.01
188,9.978521258015869,4.78791618347168,-0.985174834728241,2.9919662475585938,SAM_SGD,0.188,0.01
189,9.978888883025787,4.817192077636719,-1.0046731233596802,2.97752046585083,SAM_SGD,0.189,0.01
190,9.978519382057176,4.787763595581055,-0.9851773977279664,2.991969108581543,SAM_SGD,0.19,0.01
191,9.97889118166495,4.817374229431152,-1.0046712160110474,2.9775171279907227,SAM_SGD,0.191,0.01
192,9.978517302144237,4.787593364715576,-0.985179841518402,2.991971731185913,SAM_SGD,0.192,0.01
193,9.978893714974571,4.817575454711914,-1.0046695470809937,2.9775140285491943,SAM_SGD,0.193,0.01
194,9.978515037823732,4.787408351898193,-0.985181987285614,2.991973876953125,SAM_SGD,0.194,0.01
195,9.978895791709997,4.8177409172058105,-1.004668116569519,2.977511405944824,SAM_SGD,0.195,0.01
196,9.978513699899365,4.787299156188965,-0.9851838946342468,2.991976022720337,SAM_SGD,0.196,0.01
197,9.978897181835478,4.817850112915039,-1.0046666860580444,2.977509021759033,SAM_SGD,0.197,0.01
198,9.9785123852324,4.787191867828369,-0.9851856231689452,2.9919779300689697,SAM_SGD,0.198,0.01
199,9.978899493127752,4.818034648895264,-1.004665493965149,2.977506637573242,SAM_SGD,0.199,0.01
200,9.978510631691233,4.787048816680908,-0.985187292098999,2.9919795989990234,SAM_SGD,0.2,0.01
201,9.978900885156428,4.818144798278809,-1.004664421081543,2.9775047302246094,SAM_SGD,0.201,0.01
202,9.978509130410302,4.786925792694092,-0.9851887226104736,2.991981029510498,SAM_SGD,0.202,0.01
203,9.978902738038853,4.81829309463501,-1.0046634674072266,2.977502822875977,SAM_SGD,0.203,0.01
204,9.978507861293034,4.786822319030762,-0.9851900935173036,2.9919824600219727,SAM_SGD,0.204,0.01
205,9.97890436077924,4.818422794342041,-1.0046626329421997,2.977501153945923,SAM_SGD,0.205,0.01
206,9.978506612784075,4.786719799041748,-0.985191285610199,2.991983652114868,SAM_SGD,0.206,0.01
207,9.978905293895512,4.818496227264404,-1.0046617984771729,2.977499723434448,SAM_SGD,0.207,0.01
208,9.978506056872453,4.786674499511719,-0.9851922988891602,2.991984844207764,SAM_SGD,0.208,0.01
209,9.97890668694718,4.818607330322266,-1.0046610832214355,2.9774982929229736,SAM_SGD,0.209,0.01
210,9.978504829237428,4.786573886871338,-0.9851933121681212,2.99198579788208,SAM_SGD,0.21,0.01
211,9.978907389765528,4.818663120269775,-1.0046603679656982,2.977497100830078,SAM_SGD,0.211,0.01
212,9.978504063261868,4.786511898040772,-0.985194206237793,2.9919867515563965,SAM_SGD,0.212,0.01
213,9.978907860808906,4.818699359893799,-1.0046597719192505,2.9774961471557617,SAM_SGD,0.213,0.01
214,9.978504219681964,4.786525249481201,-0.9851948618888856,2.991987705230713,SAM_SGD,0.214,0.01
215,9.97890833235048,4.8187360763549805,-1.0046591758728027,2.9774951934814453,SAM_SGD,0.215,0.01
216,9.978503473275811,4.786464214324951,-0.9851955771446228,2.99198842048645,SAM_SGD,0.216,0.01
217,9.978909263132842,4.81881046295166,-1.0046586990356443,2.977494239807129,SAM_SGD,0.217,0.01
218,9.978502957674197,4.786422252655029,-0.9851962327957152,2.9919891357421875,SAM_SGD,0.218,0.01
219,9.978910194362673,4.818885326385498,-1.0046582221984863,2.9774932861328125,SAM_SGD,0.219,0.01
220,9.97850221206091,4.786360740661621,-0.9851969480514526,2.991989850997925,SAM_SGD,0.22,0.01
221,9.97891043437556,4.81890344619751,-1.004657745361328,2.977492570877075,SAM_SGD,0.221,0.01
222,9.978501715210305,4.786320209503174,-0.9851974248886108,2.991990327835083,SAM_SGD,0.222,0.01
223,9.978911592046426,4.818996906280518,-1.004657506942749,2.977491855621338,SAM_SGD,0.223,0.01
224,9.978500988179253,4.786260604858398,-0.9851979613304138,2.991990804672241,SAM_SGD,0.224,0.01
225,9.978911599489782,4.818996429443359,-1.0046571493148804,2.97749137878418,SAM_SGD,0.225,0.01
226,9.978500952399452,4.786258220672607,-0.9851983189582824,2.9919912815093994,SAM_SGD,0.226,0.01
227,9.978911607073194,4.818995952606201,-1.0046567916870115,2.977490901947021,SAM_SGD,0.227,0.01
228,9.97850114710382,4.786274433135986,-0.9851986169815063,2.9919917583465576,SAM_SGD,0.228,0.01
229,9.978912073437789,4.819033622741699,-1.0046565532684326,2.977490425109864,SAM_SGD,0.229,0.01
230,9.978500438318996,4.786215782165527,-0.985198974609375,2.9919919967651367,SAM_SGD,0.23,0.01
231,9.97891299854976,4.819108486175537,-1.004656434059143,2.977489948272705,SAM_SGD,0.231,0.01
232,9.978499729607227,4.786157608032227,-0.9851993322372437,2.991992235183716,SAM_SGD,0.232,0.01
233,9.978912773194434,4.819089412689209,-1.004656195640564,2.977489709854126,SAM_SGD,0.233,0.01
234,9.978499942255642,4.786175727844238,-0.9851994514465332,2.991992473602295,SAM_SGD,0.234,0.01
235,9.978913006502582,4.819108009338379,-1.0046560764312744,2.977489471435547,SAM_SGD,0.235,0.01
236,9.97849969429144,4.786155223846436,-0.9851996898651124,2.991992712020874,SAM_SGD,0.236,0.01
237,9.97891393181574,4.819182872772217,-1.0046559572219849,2.9774889945983887,SAM_SGD,0.237,0.01
238,9.978499216059562,4.786116123199463,-0.9851999878883362,2.991992950439453,SAM_SGD,0.238,0.01
239,9.97891370659483,4.819164276123047,-1.0046557188034058,2.9774887561798096,SAM_SGD,0.239,0.01
240,9.978499198497984,4.786114692687988,-0.9852001667022704,2.991993188858032,SAM_SGD,0.24,0.01
241,9.978913940014843,4.819182872772217,-1.0046555995941162,2.9774885177612305,SAM_SGD,0.241,0.01
242,9.978498950668731,4.7860941886901855,-0.9852004051208496,2.991993427276612,SAM_SGD,0.242,0.01
243,9.978914173462831,4.819201469421387,-1.0046554803848269,2.977488279342652,SAM_SGD,0.243,0.01
244,9.97849849006728,4.786056041717529,-0.9852005243301392,2.991993427276612,SAM_SGD,0.244,0.01
245,9.978914865529193,4.819257736206055,-1.0046554803848269,2.9774880409240723,SAM_SGD,0.245,0.01
246,9.978498472588653,4.786055088043213,-0.9852007031440736,2.9919936656951904,SAM_SGD,0.246,0.01
247,9.978915099027471,4.819276332855225,-1.004655361175537,2.977487802505493,SAM_SGD,0.247,0.01
248,9.978497781709631,4.7859978675842285,-0.9852008819580078,2.9919936656951904,SAM_SGD,0.248,0.01
249,9.978915099027471,4.819276332855225,-1.004655361175537,2.977487802505493,SAM_SGD,0.249,0.01
250,9.978497781709631,4.7859978675842285,-0.9852008819580078,2.9919936656951904,SAM_SGD,0.25,0.01
251,9.978915099027471,4.819276332855225,-1.004655361175537,2.977487802505493,SAM_SGD,0.251,0.01
252,9.978497781709631,4.7859978675842285,-0.9852008819580078,2.9919936656951904,SAM_SGD,0.252,0.01
253,9.978915099027471,4.819276332855225,-1.004655361175537,2.977487802505493,SAM_SGD,0.253,0.01
254,9.978497781709631,4.7859978675842285,-0.9852008819580078,2.9919936656951904,SAM_SGD,0.254,0.01
255,9.978915099027471,4.819276332855225,-1.004655361175537,2.977487802505493,SAM_SGD,0.255,0.01
256,9.978497781709631,4.7859978675842285,-0.9852008819580078,2.9919936656951904,SAM_SGD,0.256,0.01
257,9.978915099027471,4.819276332855225,-1.004655361175537,2.977487802505493,SAM_SGD,0.257,0.01
258,9.978497781709631,4.7859978675842285,-0.9852008819580078,2.9919936656951904,SAM_SGD,0.258,0.01
259,9.978915099027471,4.819276332855225,-1.004655361175537,2.977487802505493,SAM_SGD,0.259,0.01
260,9.978497781709631,4.7859978675842285,-0.9852008819580078,2.9919936656951904,SAM_SGD,0.26,0.01
261,9.978915099027471,4.819276332855225,-1.004655361175537,2.977487802505493,SAM_SGD,0.261,0.01
262,9.978497781709631,4.7859978675842285,-0.9852008819580078,2.9919936656951904,SAM_SGD,0.262,0.01
263,9.978915099027471,4.819276332855225,-1.004655361175537,2.977487802505493,SAM_SGD,0.263,0.01
264,9.978497781709631,4.7859978675842285,-0.9852008819580078,2.9919936656951904,SAM_SGD,0.264,0.01
265,9.978915099027471,4.819276332855225,-1.004655361175537,2.977487802505493,SAM_SGD,0.265,0.01
266,9.978497781709631,4.7859978675842285,-0.9852008819580078,2.9919936656951904,SAM_SGD,0.266,0.01
267,9.978915099027471,4.819276332855225,-1.004655361175537,2.977487802505493,SAM_SGD,0.267,0.01
268,9.978497781709631,4.7859978675842285,-0.9852008819580078,2.9919936656951904,SAM_SGD,0.268,0.01
269,9.978915099027471,4.819276332855225,-1.004655361175537,2.977487802505493,SAM_SGD,0.269,0.01
270,9.978497781709631,4.7859978675842285,-0.9852008819580078,2.9919936656951904,SAM_SGD,0.27,0.01
271,9.978915099027471,4.819276332855225,-1.004655361175537,2.977487802505493,SAM_SGD,0.271,0.01
272,9.978497781709631,4.7859978675842285,-0.9852008819580078,2.9919936656951904,SAM_SGD,0.272,0.01
273,9.978915099027471,4.819276332855225,-1.004655361175537,2.977487802505493,SAM_SGD,0.273,0.01
274,9.978497781709631,4.7859978675842285,-0.9852008819580078,2.9919936656951904,SAM_SGD,0.274,0.01
275,9.978915099027471,4.819276332855225,-1.004655361175537,2.977487802505493,SAM_SGD,0.275,0.01
276,9.978497781709631,4.7859978675842285,-0.9852008819580078,2.9919936656951904,SAM_SGD,0.276,0.01
277,9.978915099027471,4.819276332855225,-1.004655361175537,2.977487802505493,SAM_SGD,0.277,0.01
278,9.978497781709631,4.7859978675842285,-0.9852008819580078,2.9919936656951904,SAM_SGD,0.278,0.01
279,9.978915099027471,4.819276332855225,-1.004655361175537,2.977487802505493,SAM_SGD,0.279,0.01
280,9.978497781709631,4.7859978675842285,-0.9852008819580078,2.9919936656951904,SAM_SGD,0.28,0.01
281,9.978915099027471,4.819276332855225,-1.004655361175537,2.977487802505493,SAM_SGD,0.281,0.01
282,9.978497781709631,4.7859978675842285,-0.9852008819580078,2.9919936656951904,SAM_SGD,0.282,0.01
283,9.978915099027471,4.819276332855225,-1.004655361175537,2.977487802505493,SAM_SGD,0.283,0.01
284,9.978497781709631,4.7859978675842285,-0.9852008819580078,2.9919936656951904,SAM_SGD,0.284,0.01
285,9.978915099027471,4.819276332855225,-1.004655361175537,2.977487802505493,SAM_SGD,0.285,0.01
286,9.978497781709631,4.7859978675842285,-0.9852008819580078,2.9919936656951904,SAM_SGD,0.286,0.01
287,9.978915099027471,4.819276332855225,-1.004655361175537,2.977487802505493,SAM_SGD,0.287,0.01
288,9.978497781709631,4.7859978675842285,-0.9852008819580078,2.9919936656951904,SAM_SGD,0.288,0.01
289,9.978915099027471,4.819276332855225,-1.004655361175537,2.977487802505493,SAM_SGD,0.289,0.01
290,9.978497781709631,4.7859978675842285,-0.9852008819580078,2.9919936656951904,SAM_SGD,0.29,0.01
291,9.978915099027471,4.819276332855225,-1.004655361175537,2.977487802505493,SAM_SGD,0.291,0.01
292,9.978497781709631,4.7859978675842285,-0.9852008819580078,2.9919936656951904,SAM_SGD,0.292,0.01
293,9.978915099027471,4.819276332855225,-1.004655361175537,2.977487802505493,SAM_SGD,0.293,0.01
294,9.978497781709631,4.7859978675842285,-0.9852008819580078,2.9919936656951904,SAM_SGD,0.294,0.01
295,9.978915099027471,4.819276332855225,-1.004655361175537,2.977487802505493,SAM_SGD,0.295,0.01
296,9.978497781709631,4.7859978675842285,-0.9852008819580078,2.9919936656951904,SAM_SGD,0.296,0.01
297,9.978915099027471,4.819276332855225,-1.004655361175537,2.977487802505493,SAM_SGD,0.297,0.01
298,9.978497781709631,4.7859978675842285,-0.9852008819580078,2.9919936656951904,SAM_SGD,0.298,0.01
299,9.978915099027471,4.819276332855225,-1.004655361175537,2.977487802505493,SAM_SGD,0.299,0.01
300,9.978497781709631,4.7859978675842285,-0.9852008819580078,2.9919936656951904,SAM_SGD,0.3,0.01
301,9.978915099027471,4.819276332855225,-1.004655361175537,2.977487802505493,SAM_SGD,0.301,0.01
302,9.978497781709631,4.7859978675842285,-0.9852008819580078,2.9919936656951904,SAM_SGD,0.302,0.01
303,9.978915099027471,4.819276332855225,-1.004655361175537,2.977487802505493,SAM_SGD,0.303,0.01
304,9.978497781709631,4.7859978675842285,-0.9852008819580078,2.9919936656951904,SAM_SGD,0.304,0.01
305,9.978915099027471,4.819276332855225,-1.004655361175537,2.977487802505493,SAM_SGD,0.305,0.01
306,9.978497781709631,4.7859978675842285,-0.9852008819580078,2.9919936656951904,SAM_SGD,0.306,0.01
307,9.978915099027471,4.819276332855225,-1.004655361175537,2.977487802505493,SAM_SGD,0.307,0.01
308,9.978497781709631,4.7859978675842285,-0.9852008819580078,2.9919936656951904,SAM_SGD,0.308,0.01
309,9.978915099027471,4.819276332855225,-1.004655361175537,2.977487802505493,SAM_SGD,0.309,0.01
310,9.978497781709631,4.7859978675842285,-0.9852008819580078,2.9919936656951904,SAM_SGD,0.31,0.01
311,9.978915099027471,4.819276332855225,-1.004655361175537,2.977487802505493,SAM_SGD,0.311,0.01
312,9.978497781709631,4.7859978675842285,-0.9852008819580078,2.9919936656951904,SAM_SGD,0.312,0.01
313,9.978915099027471,4.819276332855225,-1.004655361175537,2.977487802505493,SAM_SGD,0.313,0.01
314,9.978497781709631,4.7859978675842285,-0.9852008819580078,2.9919936656951904,SAM_SGD,0.314,0.01
315,9.978915099027471,4.819276332855225,-1.004655361175537,2.977487802505493,SAM_SGD,0.315,0.01
316,9.978497781709631,4.7859978675842285,-0.9852008819580078,2.9919936656951904,SAM_SGD,0.316,0.01
317,9.978915099027471,4.819276332855225,-1.004655361175537,2.977487802505493,SAM_SGD,0.317,0.01
318,9.978497781709631,4.7859978675842285,-0.9852008819580078,2.9919936656951904,SAM_SGD,0.318,0.01
319,9.978915099027471,4.819276332855225,-1.004655361175537,2.977487802505493,SAM_SGD,0.319,0.01
320,9.978497781709631,4.7859978675842285,-0.9852008819580078,2.9919936656951904,SAM_SGD,0.32,0.01
321,9.978915099027471,4.819276332855225,-1.004655361175537,2.977487802505493,SAM_SGD,0.321,0.01
322,9.978497781709631,4.7859978675842285,-0.9852008819580078,2.9919936656951904,SAM_SGD,0.322,0.01
323,9.978915099027471,4.819276332855225,-1.004655361175537,2.977487802505493,SAM_SGD,0.323,0.01
324,9.978497781709631,4.7859978675842285,-0.9852008819580078,2.9919936656951904,SAM_SGD,0.324,0.01
325,9.978915099027471,4.819276332855225,-1.004655361175537,2.977487802505493,SAM_SGD,0.325,0.01
326,9.978497781709631,4.7859978675842285,-0.9852008819580078,2.9919936656951904,SAM_SGD,0.326,0.01
327,9.978915099027471,4.819276332855225,-1.004655361175537,2.977487802505493,SAM_SGD,0.327,0.01
328,9.978497781709631,4.7859978675842285,-0.9852008819580078,2.9919936656951904,SAM_SGD,0.328,0.01
329,9.978915099027471,4.819276332855225,-1.004655361175537,2.977487802505493,SAM_SGD,0.329,0.01
330,9.978497781709631,4.7859978675842285,-0.9852008819580078,2.9919936656951904,SAM_SGD,0.33,0.01
331,9.978915099027471,4.819276332855225,-1.004655361175537,2.977487802505493,SAM_SGD,0.331,0.01
332,9.978497781709631,4.7859978675842285,-0.9852008819580078,2.9919936656951904,SAM_SGD,0.332,0.01
333,9.978915099027471,4.819276332855225,-1.004655361175537,2.977487802505493,SAM_SGD,0.333,0.01
334,9.978497781709631,4.7859978675842285,-0.9852008819580078,2.9919936656951904,SAM_SGD,0.334,0.01
335,9.978915099027471,4.819276332855225,-1.004655361175537,2.977487802505493,SAM_SGD,0.335,0.01
336,9.978497781709631,4.7859978675842285,-0.9852008819580078,2.9919936656951904,SAM_SGD,0.336,0.01
337,9.978915099027471,4.819276332855225,-1.004655361175537,2.977487802505493,SAM_SGD,0.337,0.01
338,9.978497781709631,4.7859978675842285,-0.9852008819580078,2.9919936656951904,SAM_SGD,0.338,0.01
339,9.978915099027471,4.819276332855225,-1.004655361175537,2.977487802505493,SAM_SGD,0.339,0.01
340,9.978497781709631,4.7859978675842285,-0.9852008819580078,2.9919936656951904,SAM_SGD,0.34,0.01
341,9.978915099027471,4.819276332855225,-1.004655361175537,2.977487802505493,SAM_SGD,0.341,0.01
342,9.978497781709631,4.7859978675842285,-0.9852008819580078,2.9919936656951904,SAM_SGD,0.342,0.01
343,9.978915099027471,4.819276332855225,-1.004655361175537,2.977487802505493,SAM_SGD,0.343,0.01
344,9.978497781709631,4.7859978675842285,-0.9852008819580078,2.9919936656951904,SAM_SGD,0.344,0.01
345,9.978915099027471,4.819276332855225,-1.004655361175537,2.977487802505493,SAM_SGD,0.345,0.01
346,9.978497781709631,4.7859978675842285,-0.9852008819580078,2.9919936656951904,SAM_SGD,0.346,0.01
347,9.978915099027471,4.819276332855225,-1.004655361175537,2.977487802505493,SAM_SGD,0.347,0.01
348,9.978497781709631,4.7859978675842285,-0.9852008819580078,2.9919936656951904,SAM_SGD,0.348,0.01
349,9.978915099027471,4.819276332855225,-1.004655361175537,2.977487802505493,SAM_SGD,0.349,0.01
350,9.978497781709631,4.7859978675842285,-0.9852008819580078,2.9919936656951904,SAM_SGD,0.35,0.01
351,9.978915099027471,4.819276332855225,-1.004655361175537,2.977487802505493,SAM_SGD,0.351,0.01
352,9.978497781709631,4.7859978675842285,-0.9852008819580078,2.9919936656951904,SAM_SGD,0.352,0.01
353,9.978915099027471,4.819276332855225,-1.004655361175537,2.977487802505493,SAM_SGD,0.353,0.01
354,9.978497781709631,4.7859978675842285,-0.9852008819580078,2.9919936656951904,SAM_SGD,0.354,0.01
355,9.978915099027471,4.819276332855225,-1.004655361175537,2.977487802505493,SAM_SGD,0.355,0.01
356,9.978497781709631,4.7859978675842285,-0.9852008819580078,2.9919936656951904,SAM_SGD,0.356,0.01
357,9.978915099027471,4.819276332855225,-1.004655361175537,2.977487802505493,SAM_SGD,0.357,0.01
358,9.978497781709631,4.7859978675842285,-0.9852008819580078,2.9919936656951904,SAM_SGD,0.358,0.01
359,9.978915099027471,4.819276332855225,-1.004655361175537,2.977487802505493,SAM_SGD,0.359,0.01
360,9.978497781709631,4.7859978675842285,-0.9852008819580078,2.9919936656951904,SAM_SGD,0.36,0.01
361,9.978915099027471,4.819276332855225,-1.004655361175537,2.977487802505493,SAM_SGD,0.361,0.01
362,9.978497781709631,4.7859978675842285,-0.9852008819580078,2.9919936656951904,SAM_SGD,0.362,0.01
363,9.978915099027471,4.819276332855225,-1.004655361175537,2.977487802505493,SAM_SGD,0.363,0.01
364,9.978497781709631,4.7859978675842285,-0.9852008819580078,2.9919936656951904,SAM_SGD,0.364,0.01
365,9.978915099027471,4.819276332855225,-1.004655361175537,2.977487802505493,SAM_SGD,0.365,0.01
366,9.978497781709631,4.7859978675842285,-0.9852008819580078,2.9919936656951904,SAM_SGD,0.366,0.01
367,9.978915099027471,4.819276332855225,-1.004655361175537,2.977487802505493,SAM_SGD,0.367,0.01
368,9.978497781709631,4.7859978675842285,-0.9852008819580078,2.9919936656951904,SAM_SGD,0.368,0.01
369,9.978915099027471,4.819276332855225,-1.004655361175537,2.977487802505493,SAM_SGD,0.369,0.01
370,9.978497781709631,4.7859978675842285,-0.9852008819580078,2.9919936656951904,SAM_SGD,0.37,0.01
371,9.978915099027471,4.819276332855225,-1.004655361175537,2.977487802505493,SAM_SGD,0.371,0.01
372,9.978497781709631,4.7859978675842285,-0.9852008819580078,2.9919936656951904,SAM_SGD,0.372,0.01
373,9.978915099027471,4.819276332855225,-1.004655361175537,2.977487802505493,SAM_SGD,0.373,0.01
374,9.978497781709631,4.7859978675842285,-0.9852008819580078,2.9919936656951904,SAM_SGD,0.374,0.01
375,9.978915099027471,4.819276332855225,-1.004655361175537,2.977487802505493,SAM_SGD,0.375,0.01
376,9.978497781709631,4.7859978675842285,-0.9852008819580078,2.9919936656951904,SAM_SGD,0.376,0.01
377,9.978915099027471,4.819276332855225,-1.004655361175537,2.977487802505493,SAM_SGD,0.377,0.01
378,9.978497781709631,4.7859978675842285,-0.9852008819580078,2.9919936656951904,SAM_SGD,0.378,0.01
379,9.978915099027471,4.819276332855225,-1.004655361175537,2.977487802505493,SAM_SGD,0.379,0.01
380,9.978497781709631,4.7859978675842285,-0.9852008819580078,2.9919936656951904,SAM_SGD,0.38,0.01
381,9.978915099027471,4.819276332855225,-1.004655361175537,2.977487802505493,SAM_SGD,0.381,0.01
382,9.978497781709631,4.7859978675842285,-0.9852008819580078,2.9919936656951904,SAM_SGD,0.382,0.01
383,9.978915099027471,4.819276332855225,-1.004655361175537,2.977487802505493,SAM_SGD,0.383,0.01
384,9.978497781709631,4.7859978675842285,-0.9852008819580078,2.9919936656951904,SAM_SGD,0.384,0.01
385,9.978915099027471,4.819276332855225,-1.004655361175537,2.977487802505493,SAM_SGD,0.385,0.01
386,9.978497781709631,4.7859978675842285,-0.9852008819580078,2.9919936656951904,SAM_SGD,0.386,0.01
387,9.978915099027471,4.819276332855225,-1.004655361175537,2.977487802505493,SAM_SGD,0.387,0.01
388,9.978497781709631,4.7859978675842285,-0.9852008819580078,2.9919936656951904,SAM_SGD,0.388,0.01
389,9.978915099027471,4.819276332855225,-1.004655361175537,2.977487802505493,SAM_SGD,0.389,0.01
390,9.978497781709631,4.7859978675842285,-0.9852008819580078,2.9919936656951904,SAM_SGD,0.39,0.01
391,9.978915099027471,4.819276332855225,-1.004655361175537,2.977487802505493,SAM_SGD,0.391,0.01
392,9.978497781709631,4.7859978675842285,-0.9852008819580078,2.9919936656951904,SAM_SGD,0.392,0.01
393,9.978915099027471,4.819276332855225,-1.004655361175537,2.977487802505493,SAM_SGD,0.393,0.01
394,9.978497781709631,4.7859978675842285,-0.9852008819580078,2.9919936656951904,SAM_SGD,0.394,0.01
395,9.978915099027471,4.819276332855225,-1.004655361175537,2.977487802505493,SAM_SGD,0.395,0.01
396,9.978497781709631,4.7859978675842285,-0.9852008819580078,2.9919936656951904,SAM_SGD,0.396,0.01
397,9.978915099027471,4.819276332855225,-1.004655361175537,2.977487802505493,SAM_SGD,0.397,0.01
398,9.978497781709631,4.7859978675842285,-0.9852008819580078,2.9919936656951904,SAM_SGD,0.398,0.01
399,9.978915099027471,4.819276332855225,-1.004655361175537,2.977487802505493,SAM_SGD,0.399,0.01
400,9.978497781709631,4.7859978675842285,-0.9852008819580078,2.9919936656951904,SAM_SGD,0.4,0.01
401,9.978915099027471,4.819276332855225,-1.004655361175537,2.977487802505493,SAM_SGD,0.401,0.01
402,9.978497781709631,4.7859978675842285,-0.9852008819580078,2.9919936656951904,SAM_SGD,0.402,0.01
403,9.978915099027471,4.819276332855225,-1.004655361175537,2.977487802505493,SAM_SGD,0.403,0.01
404,9.978497781709631,4.7859978675842285,-0.9852008819580078,2.9919936656951904,SAM_SGD,0.404,0.01
405,9.978915099027471,4.819276332855225,-1.004655361175537,2.977487802505493,SAM_SGD,0.405,0.01
406,9.978497781709631,4.7859978675842285,-0.9852008819580078,2.9919936656951904,SAM_SGD,0.406,0.01
407,9.978915099027471,4.819276332855225,-1.004655361175537,2.977487802505493,SAM_SGD,0.407,0.01
408,9.978497781709631,4.7859978675842285,-0.9852008819580078,2.9919936656951904,SAM_SGD,0.408,0.01
409,9.978915099027471,4.819276332855225,-1.004655361175537,2.977487802505493,SAM_SGD,0.409,0.01
410,9.978497781709631,4.7859978675842285,-0.9852008819580078,2.9919936656951904,SAM_SGD,0.41,0.01
411,9.978915099027471,4.819276332855225,-1.004655361175537,2.977487802505493,SAM_SGD,0.411,0.01
412,9.978497781709631,4.7859978675842285,-0.9852008819580078,2.9919936656951904,SAM_SGD,0.412,0.01
413,9.978915099027471,4.819276332855225,-1.004655361175537,2.977487802505493,SAM_SGD,0.413,0.01
414,9.978497781709631,4.7859978675842285,-0.9852008819580078,2.9919936656951904,SAM_SGD,0.414,0.01
415,9.978915099027471,4.819276332855225,-1.004655361175537,2.977487802505493,SAM_SGD,0.415,0.01
416,9.978497781709631,4.7859978675842285,-0.9852008819580078,2.9919936656951904,SAM_SGD,0.416,0.01
417,9.978915099027471,4.819276332855225,-1.004655361175537,2.977487802505493,SAM_SGD,0.417,0.01
418,9.978497781709631,4.7859978675842285,-0.9852008819580078,2.9919936656951904,SAM_SGD,0.418,0.01
419,9.978915099027471,4.819276332855225,-1.004655361175537,2.977487802505493,SAM_SGD,0.419,0.01
420,9.978497781709631,4.7859978675842285,-0.9852008819580078,2.9919936656951904,SAM_SGD,0.42,0.01
421,9.978915099027471,4.819276332855225,-1.004655361175537,2.977487802505493,SAM_SGD,0.421,0.01
422,9.978497781709631,4.7859978675842285,-0.9852008819580078,2.9919936656951904,SAM_SGD,0.422,0.01
423,9.978915099027471,4.819276332855225,-1.004655361175537,2.977487802505493,SAM_SGD,0.423,0.01
424,9.978497781709631,4.7859978675842285,-0.9852008819580078,2.9919936656951904,SAM_SGD,0.424,0.01
425,9.978915099027471,4.819276332855225,-1.004655361175537,2.977487802505493,SAM_SGD,0.425,0.01
426,9.978497781709631,4.7859978675842285,-0.9852008819580078,2.9919936656951904,SAM_SGD,0.426,0.01
427,9.978915099027471,4.819276332855225,-1.004655361175537,2.977487802505493,SAM_SGD,0.427,0.01
428,9.978497781709631,4.7859978675842285,-0.9852008819580078,2.9919936656951904,SAM_SGD,0.428,0.01
429,9.978915099027471,4.819276332855225,-1.004655361175537,2.977487802505493,SAM_SGD,0.429,0.01
430,9.978497781709631,4.7859978675842285,-0.9852008819580078,2.9919936656951904,SAM_SGD,0.43,0.01
431,9.978915099027471,4.819276332855225,-1.004655361175537,2.977487802505493,SAM_SGD,0.431,0.01
432,9.978497781709631,4.7859978675842285,-0.9852008819580078,2.9919936656951904,SAM_SGD,0.432,0.01
433,9.978915099027471,4.819276332855225,-1.004655361175537,2.977487802505493,SAM_SGD,0.433,0.01
434,9.978497781709631,4.7859978675842285,-0.9852008819580078,2.9919936656951904,SAM_SGD,0.434,0.01
435,9.978915099027471,4.819276332855225,-1.004655361175537,2.977487802505493,SAM_SGD,0.435,0.01
436,9.978497781709631,4.7859978675842285,-0.9852008819580078,2.9919936656951904,SAM_SGD,0.436,0.01
437,9.978915099027471,4.819276332855225,-1.004655361175537,2.977487802505493,SAM_SGD,0.437,0.01
438,9.978497781709631,4.7859978675842285,-0.9852008819580078,2.9919936656951904,SAM_SGD,0.438,0.01
439,9.978915099027471,4.819276332855225,-1.004655361175537,2.977487802505493,SAM_SGD,0.439,0.01
440,9.978497781709631,4.7859978675842285,-0.9852008819580078,2.9919936656951904,SAM_SGD,0.44,0.01
441,9.978915099027471,4.819276332855225,-1.004655361175537,2.977487802505493,SAM_SGD,0.441,0.01
442,9.978497781709631,4.7859978675842285,-0.9852008819580078,2.9919936656951904,SAM_SGD,0.442,0.01
443,9.978915099027471,4.819276332855225,-1.004655361175537,2.977487802505493,SAM_SGD,0.443,0.01
444,9.978497781709631,4.7859978675842285,-0.9852008819580078,2.9919936656951904,SAM_SGD,0.444,0.01
445,9.978915099027471,4.819276332855225,-1.004655361175537,2.977487802505493,SAM_SGD,0.445,0.01
446,9.978497781709631,4.7859978675842285,-0.9852008819580078,2.9919936656951904,SAM_SGD,0.446,0.01
447,9.978915099027471,4.819276332855225,-1.004655361175537,2.977487802505493,SAM_SGD,0.447,0.01
448,9.978497781709631,4.7859978675842285,-0.9852008819580078,2.9919936656951904,SAM_SGD,0.448,0.01
449,9.978915099027471,4.819276332855225,-1.004655361175537,2.977487802505493,SAM_SGD,0.449,0.01
450,9.978497781709631,4.7859978675842285,-0.9852008819580078,2.9919936656951904,SAM_SGD,0.45,0.01
451,9.978915099027471,4.819276332855225,-1.004655361175537,2.977487802505493,SAM_SGD,0.451,0.01
452,9.978497781709631,4.7859978675842285,-0.9852008819580078,2.9919936656951904,SAM_SGD,0.452,0.01
453,9.978915099027471,4.819276332855225,-1.004655361175537,2.977487802505493,SAM_SGD,0.453,0.01
454,9.978497781709631,4.7859978675842285,-0.9852008819580078,2.9919936656951904,SAM_SGD,0.454,0.01
455,9.978915099027471,4.819276332855225,-1.004655361175537,2.977487802505493,SAM_SGD,0.455,0.01
456,9.978497781709631,4.7859978675842285,-0.9852008819580078,2.9919936656951904,SAM_SGD,0.456,0.01
457,9.978915099027471,4.819276332855225,-1.004655361175537,2.977487802505493,SAM_SGD,0.457,0.01
458,9.978497781709631,4.7859978675842285,-0.9852008819580078,2.9919936656951904,SAM_SGD,0.458,0.01
459,9.978915099027471,4.819276332855225,-1.004655361175537,2.977487802505493,SAM_SGD,0.459,0.01
460,9.978497781709631,4.7859978675842285,-0.9852008819580078,2.9919936656951904,SAM_SGD,0.46,0.01
461,9.978915099027471,4.819276332855225,-1.004655361175537,2.977487802505493,SAM_SGD,0.461,0.01
462,9.978497781709631,4.7859978675842285,-0.9852008819580078,2.9919936656951904,SAM_SGD,0.462,0.01
463,9.978915099027471,4.819276332855225,-1.004655361175537,2.977487802505493,SAM_SGD,0.463,0.01
464,9.978497781709631,4.7859978675842285,-0.9852008819580078,2.9919936656951904,SAM_SGD,0.464,0.01
465,9.978915099027471,4.819276332855225,-1.004655361175537,2.977487802505493,SAM_SGD,0.465,0.01
466,9.978497781709631,4.7859978675842285,-0.9852008819580078,2.9919936656951904,SAM_SGD,0.466,0.01
467,9.978915099027471,4.819276332855225,-1.004655361175537,2.977487802505493,SAM_SGD,0.467,0.01
468,9.978497781709631,4.7859978675842285,-0.9852008819580078,2.9919936656951904,SAM_SGD,0.468,0.01
469,9.978915099027471,4.819276332855225,-1.004655361175537,2.977487802505493,SAM_SGD,0.469,0.01
470,9.978497781709631,4.7859978675842285,-0.9852008819580078,2.9919936656951904,SAM_SGD,0.47,0.01
471,9.978915099027471,4.819276332855225,-1.004655361175537,2.977487802505493,SAM_SGD,0.471,0.01
472,9.978497781709631,4.7859978675842285,-0.9852008819580078,2.9919936656951904,SAM_SGD,0.472,0.01
473,9.978915099027471,4.819276332855225,-1.004655361175537,2.977487802505493,SAM_SGD,0.473,0.01
474,9.978497781709631,4.7859978675842285,-0.9852008819580078,2.9919936656951904,SAM_SGD,0.474,0.01
475,9.978915099027471,4.819276332855225,-1.004655361175537,2.977487802505493,SAM_SGD,0.475,0.01
476,9.978497781709631,4.7859978675842285,-0.9852008819580078,2.9919936656951904,SAM_SGD,0.476,0.01
477,9.978915099027471,4.819276332855225,-1.004655361175537,2.977487802505493,SAM_SGD,0.477,0.01
478,9.978497781709631,4.7859978675842285,-0.9852008819580078,2.9919936656951904,SAM_SGD,0.478,0.01
479,9.978915099027471,4.819276332855225,-1.004655361175537,2.977487802505493,SAM_SGD,0.479,0.01
480,9.978497781709631,4.7859978675842285,-0.9852008819580078,2.9919936656951904,SAM_SGD,0.48,0.01
481,9.978915099027471,4.819276332855225,-1.004655361175537,2.977487802505493,SAM_SGD,0.481,0.01
482,9.978497781709631,4.7859978675842285,-0.9852008819580078,2.9919936656951904,SAM_SGD,0.482,0.01
483,9.978915099027471,4.819276332855225,-1.004655361175537,2.977487802505493,SAM_SGD,0.483,0.01
484,9.978497781709631,4.7859978675842285,-0.9852008819580078,2.9919936656951904,SAM_SGD,0.484,0.01
485,9.978915099027471,4.819276332855225,-1.004655361175537,2.977487802505493,SAM_SGD,0.485,0.01
486,9.978497781709631,4.7859978675842285,-0.9852008819580078,2.9919936656951904,SAM_SGD,0.486,0.01
487,9.978915099027471,4.819276332855225,-1.004655361175537,2.977487802505493,SAM_SGD,0.487,0.01
488,9.978497781709631,4.7859978675842285,-0.9852008819580078,2.9919936656951904,SAM_SGD,0.488,0.01
489,9.978915099027471,4.819276332855225,-1.004655361175537,2.977487802505493,SAM_SGD,0.489,0.01
490,9.978497781709631,4.7859978675842285,-0.9852008819580078,2.9919936656951904,SAM_SGD,0.49,0.01
491,9.978915099027471,4.819276332855225,-1.004655361175537,2.977487802505493,SAM_SGD,0.491,0.01
492,9.978497781709631,4.7859978675842285,-0.9852008819580078,2.9919936656951904,SAM_SGD,0.492,0.01
493,9.978915099027471,4.819276332855225,-1.004655361175537,2.977487802505493,SAM_SGD,0.493,0.01
494,9.978497781709631,4.7859978675842285,-0.9852008819580078,2.9919936656951904,SAM_SGD,0.494,0.01
495,9.978915099027471,4.819276332855225,-1.004655361175537,2.977487802505493,SAM_SGD,0.495,0.01
496,9.978497781709631,4.7859978675842285,-0.9852008819580078,2.9919936656951904,SAM_SGD,0.496,0.01
497,9.978915099027471,4.819276332855225,-1.004655361175537,2.977487802505493,SAM_SGD,0.497,0.01
498,9.978497781709631,4.7859978675842285,-0.9852008819580078,2.9919936656951904,SAM_SGD,0.498,0.01
499,9.978915099027471,4.819276332855225,-1.004655361175537,2.977487802505493,SAM_SGD,0.499,0.01
500,9.978497781709631,4.7859978675842285,-0.9852008819580078,2.9919936656951904,SAM_SGD,0.5,0.01
501,9.978915099027471,4.819276332855225,-1.004655361175537,2.977487802505493,SAM_SGD,0.501,0.01
502,9.978497781709631,4.7859978675842285,-0.9852008819580078,2.9919936656951904,SAM_SGD,0.502,0.01
503,9.978915099027471,4.819276332855225,-1.004655361175537,2.977487802505493,SAM_SGD,0.503,0.01
504,9.978497781709631,4.7859978675842285,-0.9852008819580078,2.9919936656951904,SAM_SGD,0.504,0.01
505,9.978915099027471,4.819276332855225,-1.004655361175537,2.977487802505493,SAM_SGD,0.505,0.01
506,9.978497781709631,4.7859978675842285,-0.9852008819580078,2.9919936656951904,SAM_SGD,0.506,0.01
507,9.978915099027471,4.819276332855225,-1.004655361175537,2.977487802505493,SAM_SGD,0.507,0.01
508,9.978497781709631,4.7859978675842285,-0.9852008819580078,2.9919936656951904,SAM_SGD,0.508,0.01
509,9.978915099027471,4.819276332855225,-1.004655361175537,2.977487802505493,SAM_SGD,0.509,0.01
510,9.978497781709631,4.7859978675842285,-0.9852008819580078,2.9919936656951904,SAM_SGD,0.51,0.01
511,9.978915099027471,4.819276332855225,-1.004655361175537,2.977487802505493,SAM_SGD,0.511,0.01
512,9.978497781709631,4.7859978675842285,-0.9852008819580078,2.9919936656951904,SAM_SGD,0.512,0.01
513,9.978915099027471,4.819276332855225,-1.004655361175537,2.977487802505493,SAM_SGD,0.513,0.01
514,9.978497781709631,4.7859978675842285,-0.9852008819580078,2.9919936656951904,SAM_SGD,0.514,0.01
515,9.978915099027471,4.819276332855225,-1.004655361175537,2.977487802505493,SAM_SGD,0.515,0.01
516,9.978497781709631,4.7859978675842285,-0.9852008819580078,2.9919936656951904,SAM_SGD,0.516,0.01
517,9.978915099027471,4.819276332855225,-1.004655361175537,2.977487802505493,SAM_SGD,0.517,0.01
518,9.978497781709631,4.7859978675842285,-0.9852008819580078,2.9919936656951904,SAM_SGD,0.518,0.01
519,9.978915099027471,4.819276332855225,-1.004655361175537,2.977487802505493,SAM_SGD,0.519,0.01
520,9.978497781709631,4.7859978675842285,-0.9852008819580078,2.9919936656951904,SAM_SGD,0.52,0.01
521,9.978915099027471,4.819276332855225,-1.004655361175537,2.977487802505493,SAM_SGD,0.521,0.01
522,9.978497781709631,4.7859978675842285,-0.9852008819580078,2.9919936656951904,SAM_SGD,0.522,0.01
523,9.978915099027471,4.819276332855225,-1.004655361175537,2.977487802505493,SAM_SGD,0.523,0.01
524,9.978497781709631,4.7859978675842285,-0.9852008819580078,2.9919936656951904,SAM_SGD,0.524,0.01
525,9.978915099027471,4.819276332855225,-1.004655361175537,2.977487802505493,SAM_SGD,0.525,0.01
526,9.978497781709631,4.7859978675842285,-0.9852008819580078,2.9919936656951904,SAM_SGD,0.526,0.01
527,9.978915099027471,4.819276332855225,-1.004655361175537,2.977487802505493,SAM_SGD,0.527,0.01
528,9.978497781709631,4.7859978675842285,-0.9852008819580078,2.9919936656951904,SAM_SGD,0.528,0.01
529,9.978915099027471,4.819276332855225,-1.004655361175537,2.977487802505493,SAM_SGD,0.529,0.01
530,9.978497781709631,4.7859978675842285,-0.9852008819580078,2.9919936656951904,SAM_SGD,0.53,0.01
531,9.978915099027471,4.819276332855225,-1.004655361175537,2.977487802505493,SAM_SGD,0.531,0.01
532,9.978497781709631,4.7859978675842285,-0.9852008819580078,2.9919936656951904,SAM_SGD,0.532,0.01
533,9.978915099027471,4.819276332855225,-1.004655361175537,2.977487802505493,SAM_SGD,0.533,0.01
534,9.978497781709631,4.7859978675842285,-0.9852008819580078,2.9919936656951904,SAM_SGD,0.534,0.01
535,9.978915099027471,4.819276332855225,-1.004655361175537,2.977487802505493,SAM_SGD,0.535,0.01
536,9.978497781709631,4.7859978675842285,-0.9852008819580078,2.9919936656951904,SAM_SGD,0.536,0.01
537,9.978915099027471,4.819276332855225,-1.004655361175537,2.977487802505493,SAM_SGD,0.537,0.01
538,9.978497781709631,4.7859978675842285,-0.9852008819580078,2.9919936656951904,SAM_SGD,0.538,0.01
539,9.978915099027471,4.819276332855225,-1.004655361175537,2.977487802505493,SAM_SGD,0.539,0.01
540,9.978497781709631,4.7859978675842285,-0.9852008819580078,2.9919936656951904,SAM_SGD,0.54,0.01
541,9.978915099027471,4.819276332855225,-1.004655361175537,2.977487802505493,SAM_SGD,0.541,0.01
542,9.978497781709631,4.7859978675842285,-0.9852008819580078,2.9919936656951904,SAM_SGD,0.542,0.01
543,9.978915099027471,4.819276332855225,-1.004655361175537,2.977487802505493,SAM_SGD,0.543,0.01
544,9.978497781709631,4.7859978675842285,-0.9852008819580078,2.9919936656951904,SAM_SGD,0.544,0.01
545,9.978915099027471,4.819276332855225,-1.004655361175537,2.977487802505493,SAM_SGD,0.545,0.01
546,9.978497781709631,4.7859978675842285,-0.9852008819580078,2.9919936656951904,SAM_SGD,0.546,0.01
547,9.978915099027471,4.819276332855225,-1.004655361175537,2.977487802505493,SAM_SGD,0.547,0.01
548,9.978497781709631,4.7859978675842285,-0.9852008819580078,2.9919936656951904,SAM_SGD,0.548,0.01
549,9.978915099027471,4.819276332855225,-1.004655361175537,2.977487802505493,SAM_SGD,0.549,0.01
550,9.978497781709631,4.7859978675842285,-0.9852008819580078,2.9919936656951904,SAM_SGD,0.55,0.01
551,9.978915099027471,4.819276332855225,-1.004655361175537,2.977487802505493,SAM_SGD,0.551,0.01
552,9.978497781709631,4.7859978675842285,-0.9852008819580078,2.9919936656951904,SAM_SGD,0.552,0.01
553,9.978915099027471,4.819276332855225,-1.004655361175537,2.977487802505493,SAM_SGD,0.553,0.01
554,9.978497781709631,4.7859978675842285,-0.9852008819580078,2.9919936656951904,SAM_SGD,0.554,0.01
555,9.978915099027471,4.819276332855225,-1.004655361175537,2.977487802505493,SAM_SGD,0.555,0.01
556,9.978497781709631,4.7859978675842285,-0.9852008819580078,2.9919936656951904,SAM_SGD,0.556,0.01
557,9.978915099027471,4.819276332855225,-1.004655361175537,2.977487802505493,SAM_SGD,0.557,0.01
558,9.978497781709631,4.7859978675842285,-0.9852008819580078,2.9919936656951904,SAM_SGD,0.558,0.01
559,9.978915099027471,4.819276332855225,-1.004655361175537,2.977487802505493,SAM_SGD,0.559,0.01
560,9.978497781709631,4.7859978675842285,-0.9852008819580078,2.9919936656951904,SAM_SGD,0.56,0.01
561,9.978915099027471,4.819276332855225,-1.004655361175537,2.977487802505493,SAM_SGD,0.561,0.01
562,9.978497781709631,4.7859978675842285,-0.9852008819580078,2.9919936656951904,SAM_SGD,0.562,0.01
563,9.978915099027471,4.819276332855225,-1.004655361175537,2.977487802505493,SAM_SGD,0.563,0.01
564,9.978497781709631,4.7859978675842285,-0.9852008819580078,2.9919936656951904,SAM_SGD,0.564,0.01
565,9.978915099027471,4.819276332855225,-1.004655361175537,2.977487802505493,SAM_SGD,0.565,0.01
566,9.978497781709631,4.7859978675842285,-0.9852008819580078,2.9919936656951904,SAM_SGD,0.566,0.01
567,9.978915099027471,4.819276332855225,-1.004655361175537,2.977487802505493,SAM_SGD,0.567,0.01
568,9.978497781709631,4.7859978675842285,-0.9852008819580078,2.9919936656951904,SAM_SGD,0.568,0.01
569,9.978915099027471,4.819276332855225,-1.004655361175537,2.977487802505493,SAM_SGD,0.569,0.01
570,9.978497781709631,4.7859978675842285,-0.9852008819580078,2.9919936656951904,SAM_SGD,0.57,0.01
571,9.978915099027471,4.819276332855225,-1.004655361175537,2.977487802505493,SAM_SGD,0.571,0.01
572,9.978497781709631,4.7859978675842285,-0.9852008819580078,2.9919936656951904,SAM_SGD,0.572,0.01
573,9.978915099027471,4.819276332855225,-1.004655361175537,2.977487802505493,SAM_SGD,0.573,0.01
574,9.978497781709631,4.7859978675842285,-0.9852008819580078,2.9919936656951904,SAM_SGD,0.574,0.01
575,9.978915099027471,4.819276332855225,-1.004655361175537,2.977487802505493,SAM_SGD,0.575,0.01
576,9.978497781709631,4.7859978675842285,-0.9852008819580078,2.9919936656951904,SAM_SGD,0.576,0.01
577,9.978915099027471,4.819276332855225,-1.004655361175537,2.977487802505493,SAM_SGD,0.577,0.01
578,9.978497781709631,4.7859978675842285,-0.9852008819580078,2.9919936656951904,SAM_SGD,0.578,0.01
579,9.978915099027471,4.819276332855225,-1.004655361175537,2.977487802505493,SAM_SGD,0.579,0.01
580,9.978497781709631,4.7859978675842285,-0.9852008819580078,2.9919936656951904,SAM_SGD,0.58,0.01
581,9.978915099027471,4.819276332855225,-1.004655361175537,2.977487802505493,SAM_SGD,0.581,0.01
582,9.978497781709631,4.7859978675842285,-0.9852008819580078,2.9919936656951904,SAM_SGD,0.582,0.01
583,9.978915099027471,4.819276332855225,-1.004655361175537,2.977487802505493,SAM_SGD,0.583,0.01
584,9.978497781709631,4.7859978675842285,-0.9852008819580078,2.9919936656951904,SAM_SGD,0.584,0.01
585,9.978915099027471,4.819276332855225,-1.004655361175537,2.977487802505493,SAM_SGD,0.585,0.01
586,9.978497781709631,4.7859978675842285,-0.9852008819580078,2.9919936656951904,SAM_SGD,0.586,0.01
587,9.978915099027471,4.819276332855225,-1.004655361175537,2.977487802505493,SAM_SGD,0.587,0.01
588,9.978497781709631,4.7859978675842285,-0.9852008819580078,2.9919936656951904,SAM_SGD,0.588,0.01
589,9.978915099027471,4.819276332855225,-1.004655361175537,2.977487802505493,SAM_SGD,0.589,0.01
590,9.978497781709631,4.7859978675842285,-0.9852008819580078,2.9919936656951904,SAM_SGD,0.59,0.01
591,9.978915099027471,4.819276332855225,-1.004655361175537,2.977487802505493,SAM_SGD,0.591,0.01
592,9.978497781709631,4.7859978675842285,-0.9852008819580078,2.9919936656951904,SAM_SGD,0.592,0.01
593,9.978915099027471,4.819276332855225,-1.004655361175537,2.977487802505493,SAM_SGD,0.593,0.01
594,9.978497781709631,4.7859978675842285,-0.9852008819580078,2.9919936656951904,SAM_SGD,0.594,0.01
595,9.978915099027471,4.819276332855225,-1.004655361175537,2.977487802505493,SAM_SGD,0.595,0.01
596,9.978497781709631,4.7859978675842285,-0.9852008819580078,2.9919936656951904,SAM_SGD,0.596,0.01
597,9.978915099027471,4.819276332855225,-1.004655361175537,2.977487802505493,SAM_SGD,0.597,0.01
598,9.978497781709631,4.7859978675842285,-0.9852008819580078,2.9919936656951904,SAM_SGD,0.598,0.01
599,9.978915099027471,4.819276332855225,-1.004655361175537,2.977487802505493,SAM_SGD,0.599,0.01
600,9.978497781709631,4.7859978675842285,-0.9852008819580078,2.9919936656951904,SAM_SGD,0.6,0.01
601,9.978915099027471,4.819276332855225,-1.004655361175537,2.977487802505493,SAM_SGD,0.601,0.01
602,9.978497781709631,4.7859978675842285,-0.9852008819580078,2.9919936656951904,SAM_SGD,0.602,0.01
603,9.978915099027471,4.819276332855225,-1.004655361175537,2.977487802505493,SAM_SGD,0.603,0.01
604,9.978497781709631,4.7859978675842285,-0.9852008819580078,2.9919936656951904,SAM_SGD,0.604,0.01
605,9.978915099027471,4.819276332855225,-1.004655361175537,2.977487802505493,SAM_SGD,0.605,0.01
606,9.978497781709631,4.7859978675842285,-0.9852008819580078,2.9919936656951904,SAM_SGD,0.606,0.01
607,9.978915099027471,4.819276332855225,-1.004655361175537,2.977487802505493,SAM_SGD,0.607,0.01
608,9.978497781709631,4.7859978675842285,-0.9852008819580078,2.9919936656951904,SAM_SGD,0.608,0.01
609,9.978915099027471,4.819276332855225,-1.004655361175537,2.977487802505493,SAM_SGD,0.609,0.01
610,9.978497781709631,4.7859978675842285,-0.9852008819580078,2.9919936656951904,SAM_SGD,0.61,0.01
611,9.978915099027471,4.819276332855225,-1.004655361175537,2.977487802505493,SAM_SGD,0.611,0.01
612,9.978497781709631,4.7859978675842285,-0.9852008819580078,2.9919936656951904,SAM_SGD,0.612,0.01
613,9.978915099027471,4.819276332855225,-1.004655361175537,2.977487802505493,SAM_SGD,0.613,0.01
614,9.978497781709631,4.7859978675842285,-0.9852008819580078,2.9919936656951904,SAM_SGD,0.614,0.01
615,9.978915099027471,4.819276332855225,-1.004655361175537,2.977487802505493,SAM_SGD,0.615,0.01
616,9.978497781709631,4.7859978675842285,-0.9852008819580078,2.9919936656951904,SAM_SGD,0.616,0.01
617,9.978915099027471,4.819276332855225,-1.004655361175537,2.977487802505493,SAM_SGD,0.617,0.01
618,9.978497781709631,4.7859978675842285,-0.9852008819580078,2.9919936656951904,SAM_SGD,0.618,0.01
619,9.978915099027471,4.819276332855225,-1.004655361175537,2.977487802505493,SAM_SGD,0.619,0.01
620,9.978497781709631,4.7859978675842285,-0.9852008819580078,2.9919936656951904,SAM_SGD,0.62,0.01
621,9.978915099027471,4.819276332855225,-1.004655361175537,2.977487802505493,SAM_SGD,0.621,0.01
622,9.978497781709631,4.7859978675842285,-0.9852008819580078,2.9919936656951904,SAM_SGD,0.622,0.01
623,9.978915099027471,4.819276332855225,-1.004655361175537,2.977487802505493,SAM_SGD,0.623,0.01
624,9.978497781709631,4.7859978675842285,-0.9852008819580078,2.9919936656951904,SAM_SGD,0.624,0.01
625,9.978915099027471,4.819276332855225,-1.004655361175537,2.977487802505493,SAM_SGD,0.625,0.01
626,9.978497781709631,4.7859978675842285,-0.9852008819580078,2.9919936656951904,SAM_SGD,0.626,0.01
627,9.978915099027471,4.819276332855225,-1.004655361175537,2.977487802505493,SAM_SGD,0.627,0.01
628,9.978497781709631,4.7859978675842285,-0.9852008819580078,2.9919936656951904,SAM_SGD,0.628,0.01
629,9.978915099027471,4.819276332855225,-1.004655361175537,2.977487802505493,SAM_SGD,0.629,0.01
630,9.978497781709631,4.7859978675842285,-0.9852008819580078,2.9919936656951904,SAM_SGD,0.63,0.01
631,9.978915099027471,4.819276332855225,-1.004655361175537,2.977487802505493,SAM_SGD,0.631,0.01
632,9.978497781709631,4.7859978675842285,-0.9852008819580078,2.9919936656951904,SAM_SGD,0.632,0.01
633,9.978915099027471,4.819276332855225,-1.004655361175537,2.977487802505493,SAM_SGD,0.633,0.01
634,9.978497781709631,4.7859978675842285,-0.9852008819580078,2.9919936656951904,SAM_SGD,0.634,0.01
635,9.978915099027471,4.819276332855225,-1.004655361175537,2.977487802505493,SAM_SGD,0.635,0.01
636,9.978497781709631,4.7859978675842285,-0.9852008819580078,2.9919936656951904,SAM_SGD,0.636,0.01
637,9.978915099027471,4.819276332855225,-1.004655361175537,2.977487802505493,SAM_SGD,0.637,0.01
638,9.978497781709631,4.7859978675842285,-0.9852008819580078,2.9919936656951904,SAM_SGD,0.638,0.01
639,9.978915099027471,4.819276332855225,-1.004655361175537,2.977487802505493,SAM_SGD,0.639,0.01
640,9.978497781709631,4.7859978675842285,-0.9852008819580078,2.9919936656951904,SAM_SGD,0.64,0.01
641,9.978915099027471,4.819276332855225,-1.004655361175537,2.977487802505493,SAM_SGD,0.641,0.01
642,9.978497781709631,4.7859978675842285,-0.9852008819580078,2.9919936656951904,SAM_SGD,0.642,0.01
643,9.978915099027471,4.819276332855225,-1.004655361175537,2.977487802505493,SAM_SGD,0.643,0.01
644,9.978497781709631,4.7859978675842285,-0.9852008819580078,2.9919936656951904,SAM_SGD,0.644,0.01
645,9.978915099027471,4.819276332855225,-1.004655361175537,2.977487802505493,SAM_SGD,0.645,0.01
646,9.978497781709631,4.7859978675842285,-0.9852008819580078,2.9919936656951904,SAM_SGD,0.646,0.01
647,9.978915099027471,4.819276332855225,-1.004655361175537,2.977487802505493,SAM_SGD,0.647,0.01
648,9.978497781709631,4.7859978675842285,-0.9852008819580078,2.9919936656951904,SAM_SGD,0.648,0.01
649,9.978915099027471,4.819276332855225,-1.004655361175537,2.977487802505493,SAM_SGD,0.649,0.01
650,9.978497781709631,4.7859978675842285,-0.9852008819580078,2.9919936656951904,SAM_SGD,0.65,0.01
651,9.978915099027471,4.819276332855225,-1.004655361175537,2.977487802505493,SAM_SGD,0.651,0.01
652,9.978497781709631,4.7859978675842285,-0.9852008819580078,2.9919936656951904,SAM_SGD,0.652,0.01
653,9.978915099027471,4.819276332855225,-1.004655361175537,2.977487802505493,SAM_SGD,0.653,0.01
654,9.978497781709631,4.7859978675842285,-0.9852008819580078,2.9919936656951904,SAM_SGD,0.654,0.01
655,9.978915099027471,4.819276332855225,-1.004655361175537,2.977487802505493,SAM_SGD,0.655,0.01
656,9.978497781709631,4.7859978675842285,-0.9852008819580078,2.9919936656951904,SAM_SGD,0.656,0.01
657,9.978915099027471,4.819276332855225,-1.004655361175537,2.977487802505493,SAM_SGD,0.657,0.01
658,9.978497781709631,4.7859978675842285,-0.9852008819580078,2.9919936656951904,SAM_SGD,0.658,0.01
659,9.978915099027471,4.819276332855225,-1.004655361175537,2.977487802505493,SAM_SGD,0.659,0.01
660,9.978497781709631,4.7859978675842285,-0.9852008819580078,2.9919936656951904,SAM_SGD,0.66,0.01
661,9.978915099027471,4.819276332855225,-1.004655361175537,2.977487802505493,SAM_SGD,0.661,0.01
662,9.978497781709631,4.7859978675842285,-0.9852008819580078,2.9919936656951904,SAM_SGD,0.662,0.01
663,9.978915099027471,4.819276332855225,-1.004655361175537,2.977487802505493,SAM_SGD,0.663,0.01
664,9.978497781709631,4.7859978675842285,-0.9852008819580078,2.9919936656951904,SAM_SGD,0.664,0.01
665,9.978915099027471,4.819276332855225,-1.004655361175537,2.977487802505493,SAM_SGD,0.665,0.01
666,9.978497781709631,4.7859978675842285,-0.9852008819580078,2.9919936656951904,SAM_SGD,0.666,0.01
667,9.978915099027471,4.819276332855225,-1.004655361175537,2.977487802505493,SAM_SGD,0.667,0.01
668,9.978497781709631,4.7859978675842285,-0.9852008819580078,2.9919936656951904,SAM_SGD,0.668,0.01
669,9.978915099027471,4.819276332855225,-1.004655361175537,2.977487802505493,SAM_SGD,0.669,0.01
670,9.978497781709631,4.7859978675842285,-0.9852008819580078,2.9919936656951904,SAM_SGD,0.67,0.01
671,9.978915099027471,4.819276332855225,-1.004655361175537,2.977487802505493,SAM_SGD,0.671,0.01
672,9.978497781709631,4.7859978675842285,-0.9852008819580078,2.9919936656951904,SAM_SGD,0.672,0.01
673,9.978915099027471,4.819276332855225,-1.004655361175537,2.977487802505493,SAM_SGD,0.673,0.01
674,9.978497781709631,4.7859978675842285,-0.9852008819580078,2.9919936656951904,SAM_SGD,0.674,0.01
675,9.978915099027471,4.819276332855225,-1.004655361175537,2.977487802505493,SAM_SGD,0.675,0.01
676,9.978497781709631,4.7859978675842285,-0.9852008819580078,2.9919936656951904,SAM_SGD,0.676,0.01
677,9.978915099027471,4.819276332855225,-1.004655361175537,2.977487802505493,SAM_SGD,0.677,0.01
678,9.978497781709631,4.7859978675842285,-0.9852008819580078,2.9919936656951904,SAM_SGD,0.678,0.01
679,9.978915099027471,4.819276332855225,-1.004655361175537,2.977487802505493,SAM_SGD,0.679,0.01
680,9.978497781709631,4.7859978675842285,-0.9852008819580078,2.9919936656951904,SAM_SGD,0.68,0.01
681,9.978915099027471,4.819276332855225,-1.004655361175537,2.977487802505493,SAM_SGD,0.681,0.01
682,9.978497781709631,4.7859978675842285,-0.9852008819580078,2.9919936656951904,SAM_SGD,0.682,0.01
683,9.978915099027471,4.819276332855225,-1.004655361175537,2.977487802505493,SAM_SGD,0.683,0.01
684,9.978497781709631,4.7859978675842285,-0.9852008819580078,2.9919936656951904,SAM_SGD,0.684,0.01
685,9.978915099027471,4.819276332855225,-1.004655361175537,2.977487802505493,SAM_SGD,0.685,0.01
686,9.978497781709631,4.7859978675842285,-0.9852008819580078,2.9919936656951904,SAM_SGD,0.686,0.01
687,9.978915099027471,4.819276332855225,-1.004655361175537,2.977487802505493,SAM_SGD,0.687,0.01
688,9.978497781709631,4.7859978675842285,-0.9852008819580078,2.9919936656951904,SAM_SGD,0.688,0.01
689,9.978915099027471,4.819276332855225,-1.004655361175537,2.977487802505493,SAM_SGD,0.689,0.01
690,9.978497781709631,4.7859978675842285,-0.9852008819580078,2.9919936656951904,SAM_SGD,0.69,0.01
691,9.978915099027471,4.819276332855225,-1.004655361175537,2.977487802505493,SAM_SGD,0.691,0.01
692,9.978497781709631,4.7859978675842285,-0.9852008819580078,2.9919936656951904,SAM_SGD,0.692,0.01
693,9.978915099027471,4.819276332855225,-1.004655361175537,2.977487802505493,SAM_SGD,0.693,0.01
694,9.978497781709631,4.7859978675842285,-0.9852008819580078,2.9919936656951904,SAM_SGD,0.694,0.01
695,9.978915099027471,4.819276332855225,-1.004655361175537,2.977487802505493,SAM_SGD,0.695,0.01
696,9.978497781709631,4.7859978675842285,-0.9852008819580078,2.9919936656951904,SAM_SGD,0.696,0.01
697,9.978915099027471,4.819276332855225,-1.004655361175537,2.977487802505493,SAM_SGD,0.697,0.01
698,9.978497781709631,4.7859978675842285,-0.9852008819580078,2.9919936656951904,SAM_SGD,0.698,0.01
699,9.978915099027471,4.819276332855225,-1.004655361175537,2.977487802505493,SAM_SGD,0.699,0.01
700,9.978497781709631,4.7859978675842285,-0.9852008819580078,2.9919936656951904,SAM_SGD,0.7,0.01
701,9.978915099027471,4.819276332855225,-1.004655361175537,2.977487802505493,SAM_SGD,0.701,0.01
702,9.978497781709631,4.7859978675842285,-0.9852008819580078,2.9919936656951904,SAM_SGD,0.702,0.01
703,9.978915099027471,4.819276332855225,-1.004655361175537,2.977487802505493,SAM_SGD,0.703,0.01
704,9.978497781709631,4.7859978675842285,-0.9852008819580078,2.9919936656951904,SAM_SGD,0.704,0.01
705,9.978915099027471,4.819276332855225,-1.004655361175537,2.977487802505493,SAM_SGD,0.705,0.01
706,9.978497781709631,4.7859978675842285,-0.9852008819580078,2.9919936656951904,SAM_SGD,0.706,0.01
707,9.978915099027471,4.819276332855225,-1.004655361175537,2.977487802505493,SAM_SGD,0.707,0.01
708,9.978497781709631,4.7859978675842285,-0.9852008819580078,2.9919936656951904,SAM_SGD,0.708,0.01
709,9.978915099027471,4.819276332855225,-1.004655361175537,2.977487802505493,SAM_SGD,0.709,0.01
710,9.978497781709631,4.7859978675842285,-0.9852008819580078,2.9919936656951904,SAM_SGD,0.71,0.01
711,9.978915099027471,4.819276332855225,-1.004655361175537,2.977487802505493,SAM_SGD,0.711,0.01
712,9.978497781709631,4.7859978675842285,-0.9852008819580078,2.9919936656951904,SAM_SGD,0.712,0.01
713,9.978915099027471,4.819276332855225,-1.004655361175537,2.977487802505493,SAM_SGD,0.713,0.01
714,9.978497781709631,4.7859978675842285,-0.9852008819580078,2.9919936656951904,SAM_SGD,0.714,0.01
715,9.978915099027471,4.819276332855225,-1.004655361175537,2.977487802505493,SAM_SGD,0.715,0.01
716,9.978497781709631,4.7859978675842285,-0.9852008819580078,2.9919936656951904,SAM_SGD,0.716,0.01
717,9.978915099027471,4.819276332855225,-1.004655361175537,2.977487802505493,SAM_SGD,0.717,0.01
718,9.978497781709631,4.7859978675842285,-0.9852008819580078,2.9919936656951904,SAM_SGD,0.718,0.01
719,9.978915099027471,4.819276332855225,-1.004655361175537,2.977487802505493,SAM_SGD,0.719,0.01
720,9.978497781709631,4.7859978675842285,-0.9852008819580078,2.9919936656951904,SAM_SGD,0.72,0.01
721,9.978915099027471,4.819276332855225,-1.004655361175537,2.977487802505493,SAM_SGD,0.721,0.01
722,9.978497781709631,4.7859978675842285,-0.9852008819580078,2.9919936656951904,SAM_SGD,0.722,0.01
723,9.978915099027471,4.819276332855225,-1.004655361175537,2.977487802505493,SAM_SGD,0.723,0.01
724,9.978497781709631,4.7859978675842285,-0.9852008819580078,2.9919936656951904,SAM_SGD,0.724,0.01
725,9.978915099027471,4.819276332855225,-1.004655361175537,2.977487802505493,SAM_SGD,0.725,0.01
726,9.978497781709631,4.7859978675842285,-0.9852008819580078,2.9919936656951904,SAM_SGD,0.726,0.01
727,9.978915099027471,4.819276332855225,-1.004655361175537,2.977487802505493,SAM_SGD,0.727,0.01
728,9.978497781709631,4.7859978675842285,-0.9852008819580078,2.9919936656951904,SAM_SGD,0.728,0.01
729,9.978915099027471,4.819276332855225,-1.004655361175537,2.977487802505493,SAM_SGD,0.729,0.01
730,9.978497781709631,4.7859978675842285,-0.9852008819580078,2.9919936656951904,SAM_SGD,0.73,0.01
731,9.978915099027471,4.819276332855225,-1.004655361175537,2.977487802505493,SAM_SGD,0.731,0.01
732,9.978497781709631,4.7859978675842285,-0.9852008819580078,2.9919936656951904,SAM_SGD,0.732,0.01
733,9.978915099027471,4.819276332855225,-1.004655361175537,2.977487802505493,SAM_SGD,0.733,0.01
734,9.978497781709631,4.7859978675842285,-0.9852008819580078,2.9919936656951904,SAM_SGD,0.734,0.01
735,9.978915099027471,4.819276332855225,-1.004655361175537,2.977487802505493,SAM_SGD,0.735,0.01
736,9.978497781709631,4.7859978675842285,-0.9852008819580078,2.9919936656951904,SAM_SGD,0.736,0.01
737,9.978915099027471,4.819276332855225,-1.004655361175537,2.977487802505493,SAM_SGD,0.737,0.01
738,9.978497781709631,4.7859978675842285,-0.9852008819580078,2.9919936656951904,SAM_SGD,0.738,0.01
739,9.978915099027471,4.819276332855225,-1.004655361175537,2.977487802505493,SAM_SGD,0.739,0.01
740,9.978497781709631,4.7859978675842285,-0.9852008819580078,2.9919936656951904,SAM_SGD,0.74,0.01
741,9.978915099027471,4.819276332855225,-1.004655361175537,2.977487802505493,SAM_SGD,0.741,0.01
742,9.978497781709631,4.7859978675842285,-0.9852008819580078,2.9919936656951904,SAM_SGD,0.742,0.01
743,9.978915099027471,4.819276332855225,-1.004655361175537,2.977487802505493,SAM_SGD,0.743,0.01
744,9.978497781709631,4.7859978675842285,-0.9852008819580078,2.9919936656951904,SAM_SGD,0.744,0.01
745,9.978915099027471,4.819276332855225,-1.004655361175537,2.977487802505493,SAM_SGD,0.745,0.01
746,9.978497781709631,4.7859978675842285,-0.9852008819580078,2.9919936656951904,SAM_SGD,0.746,0.01
747,9.978915099027471,4.819276332855225,-1.004655361175537,2.977487802505493,SAM_SGD,0.747,0.01
748,9.978497781709631,4.7859978675842285,-0.9852008819580078,2.9919936656951904,SAM_SGD,0.748,0.01
749,9.978915099027471,4.819276332855225,-1.004655361175537,2.977487802505493,SAM_SGD,0.749,0.01
750,9.978497781709631,4.7859978675842285,-0.9852008819580078,2.9919936656951904,SAM_SGD,0.75,0.01
751,9.978915099027471,4.819276332855225,-1.004655361175537,2.977487802505493,SAM_SGD,0.751,0.01
752,9.978497781709631,4.7859978675842285,-0.9852008819580078,2.9919936656951904,SAM_SGD,0.752,0.01
753,9.978915099027471,4.819276332855225,-1.004655361175537,2.977487802505493,SAM_SGD,0.753,0.01
754,9.978497781709631,4.7859978675842285,-0.9852008819580078,2.9919936656951904,SAM_SGD,0.754,0.01
755,9.978915099027471,4.819276332855225,-1.004655361175537,2.977487802505493,SAM_SGD,0.755,0.01
756,9.978497781709631,4.7859978675842285,-0.9852008819580078,2.9919936656951904,SAM_SGD,0.756,0.01
757,9.978915099027471,4.819276332855225,-1.004655361175537,2.977487802505493,SAM_SGD,0.757,0.01
758,9.978497781709631,4.7859978675842285,-0.9852008819580078,2.9919936656951904,SAM_SGD,0.758,0.01
759,9.978915099027471,4.819276332855225,-1.004655361175537,2.977487802505493,SAM_SGD,0.759,0.01
760,9.978497781709631,4.7859978675842285,-0.9852008819580078,2.9919936656951904,SAM_SGD,0.76,0.01
761,9.978915099027471,4.819276332855225,-1.004655361175537,2.977487802505493,SAM_SGD,0.761,0.01
762,9.978497781709631,4.7859978675842285,-0.9852008819580078,2.9919936656951904,SAM_SGD,0.762,0.01
763,9.978915099027471,4.819276332855225,-1.004655361175537,2.977487802505493,SAM_SGD,0.763,0.01
764,9.978497781709631,4.7859978675842285,-0.9852008819580078,2.9919936656951904,SAM_SGD,0.764,0.01
765,9.978915099027471,4.819276332855225,-1.004655361175537,2.977487802505493,SAM_SGD,0.765,0.01
766,9.978497781709631,4.7859978675842285,-0.9852008819580078,2.9919936656951904,SAM_SGD,0.766,0.01
767,9.978915099027471,4.819276332855225,-1.004655361175537,2.977487802505493,SAM_SGD,0.767,0.01
768,9.978497781709631,4.7859978675842285,-0.9852008819580078,2.9919936656951904,SAM_SGD,0.768,0.01
769,9.978915099027471,4.819276332855225,-1.004655361175537,2.977487802505493,SAM_SGD,0.769,0.01
770,9.978497781709631,4.7859978675842285,-0.9852008819580078,2.9919936656951904,SAM_SGD,0.77,0.01
771,9.978915099027471,4.819276332855225,-1.004655361175537,2.977487802505493,SAM_SGD,0.771,0.01
772,9.978497781709631,4.7859978675842285,-0.9852008819580078,2.9919936656951904,SAM_SGD,0.772,0.01
773,9.978915099027471,4.819276332855225,-1.004655361175537,2.977487802505493,SAM_SGD,0.773,0.01
774,9.978497781709631,4.7859978675842285,-0.9852008819580078,2.9919936656951904,SAM_SGD,0.774,0.01
775,9.978915099027471,4.819276332855225,-1.004655361175537,2.977487802505493,SAM_SGD,0.775,0.01
776,9.978497781709631,4.7859978675842285,-0.9852008819580078,2.9919936656951904,SAM_SGD,0.776,0.01
777,9.978915099027471,4.819276332855225,-1.004655361175537,2.977487802505493,SAM_SGD,0.777,0.01
778,9.978497781709631,4.7859978675842285,-0.9852008819580078,2.9919936656951904,SAM_SGD,0.778,0.01
779,9.978915099027471,4.819276332855225,-1.004655361175537,2.977487802505493,SAM_SGD,0.779,0.01
780,9.978497781709631,4.7859978675842285,-0.9852008819580078,2.9919936656951904,SAM_SGD,0.78,0.01
781,9.978915099027471,4.819276332855225,-1.004655361175537,2.977487802505493,SAM_SGD,0.781,0.01
782,9.978497781709631,4.7859978675842285,-0.9852008819580078,2.9919936656951904,SAM_SGD,0.782,0.01
783,9.978915099027471,4.819276332855225,-1.004655361175537,2.977487802505493,SAM_SGD,0.783,0.01
784,9.978497781709631,4.7859978675842285,-0.9852008819580078,2.9919936656951904,SAM_SGD,0.784,0.01
785,9.978915099027471,4.819276332855225,-1.004655361175537,2.977487802505493,SAM_SGD,0.785,0.01
786,9.978497781709631,4.7859978675842285,-0.9852008819580078,2.9919936656951904,SAM_SGD,0.786,0.01
787,9.978915099027471,4.819276332855225,-1.004655361175537,2.977487802505493,SAM_SGD,0.787,0.01
788,9.978497781709631,4.7859978675842285,-0.9852008819580078,2.9919936656951904,SAM_SGD,0.788,0.01
789,9.978915099027471,4.819276332855225,-1.004655361175537,2.977487802505493,SAM_SGD,0.789,0.01
790,9.978497781709631,4.7859978675842285,-0.9852008819580078,2.9919936656951904,SAM_SGD,0.79,0.01
791,9.978915099027471,4.819276332855225,-1.004655361175537,2.977487802505493,SAM_SGD,0.791,0.01
792,9.978497781709631,4.7859978675842285,-0.9852008819580078,2.9919936656951904,SAM_SGD,0.792,0.01
793,9.978915099027471,4.819276332855225,-1.004655361175537,2.977487802505493,SAM_SGD,0.793,0.01
794,9.978497781709631,4.7859978675842285,-0.9852008819580078,2.9919936656951904,SAM_SGD,0.794,0.01
795,9.978915099027471,4.819276332855225,-1.004655361175537,2.977487802505493,SAM_SGD,0.795,0.01
796,9.978497781709631,4.7859978675842285,-0.9852008819580078,2.9919936656951904,SAM_SGD,0.796,0.01
797,9.978915099027471,4.819276332855225,-1.004655361175537,2.977487802505493,SAM_SGD,0.797,0.01
798,9.978497781709631,4.7859978675842285,-0.9852008819580078,2.9919936656951904,SAM_SGD,0.798,0.01
799,9.978915099027471,4.819276332855225,-1.004655361175537,2.977487802505493,SAM_SGD,0.799,0.01
800,9.978497781709631,4.7859978675842285,-0.9852008819580078,2.9919936656951904,SAM_SGD,0.8,0.01
801,9.978915099027471,4.819276332855225,-1.004655361175537,2.977487802505493,SAM_SGD,0.801,0.01
802,9.978497781709631,4.7859978675842285,-0.9852008819580078,2.9919936656951904,SAM_SGD,0.802,0.01
803,9.978915099027471,4.819276332855225,-1.004655361175537,2.977487802505493,SAM_SGD,0.803,0.01
804,9.978497781709631,4.7859978675842285,-0.9852008819580078,2.9919936656951904,SAM_SGD,0.804,0.01
805,9.978915099027471,4.819276332855225,-1.004655361175537,2.977487802505493,SAM_SGD,0.805,0.01
806,9.978497781709631,4.7859978675842285,-0.9852008819580078,2.9919936656951904,SAM_SGD,0.806,0.01
807,9.978915099027471,4.819276332855225,-1.004655361175537,2.977487802505493,SAM_SGD,0.807,0.01
808,9.978497781709631,4.7859978675842285,-0.9852008819580078,2.9919936656951904,SAM_SGD,0.808,0.01
809,9.978915099027471,4.819276332855225,-1.004655361175537,2.977487802505493,SAM_SGD,0.809,0.01
810,9.978497781709631,4.7859978675842285,-0.9852008819580078,2.9919936656951904,SAM_SGD,0.81,0.01
811,9.978915099027471,4.819276332855225,-1.004655361175537,2.977487802505493,SAM_SGD,0.811,0.01
812,9.978497781709631,4.7859978675842285,-0.9852008819580078,2.9919936656951904,SAM_SGD,0.812,0.01
813,9.978915099027471,4.819276332855225,-1.004655361175537,2.977487802505493,SAM_SGD,0.813,0.01
814,9.978497781709631,4.7859978675842285,-0.9852008819580078,2.9919936656951904,SAM_SGD,0.814,0.01
815,9.978915099027471,4.819276332855225,-1.004655361175537,2.977487802505493,SAM_SGD,0.815,0.01
816,9.978497781709631,4.7859978675842285,-0.9852008819580078,2.9919936656951904,SAM_SGD,0.816,0.01
817,9.978915099027471,4.819276332855225,-1.004655361175537,2.977487802505493,SAM_SGD,0.817,0.01
818,9.978497781709631,4.7859978675842285,-0.9852008819580078,2.9919936656951904,SAM_SGD,0.818,0.01
819,9.978915099027471,4.819276332855225,-1.004655361175537,2.977487802505493,SAM_SGD,0.819,0.01
820,9.978497781709631,4.7859978675842285,-0.9852008819580078,2.9919936656951904,SAM_SGD,0.82,0.01
821,9.978915099027471,4.819276332855225,-1.004655361175537,2.977487802505493,SAM_SGD,0.821,0.01
822,9.978497781709631,4.7859978675842285,-0.9852008819580078,2.9919936656951904,SAM_SGD,0.822,0.01
823,9.978915099027471,4.819276332855225,-1.004655361175537,2.977487802505493,SAM_SGD,0.823,0.01
824,9.978497781709631,4.7859978675842285,-0.9852008819580078,2.9919936656951904,SAM_SGD,0.824,0.01
825,9.978915099027471,4.819276332855225,-1.004655361175537,2.977487802505493,SAM_SGD,0.825,0.01
826,9.978497781709631,4.7859978675842285,-0.9852008819580078,2.9919936656951904,SAM_SGD,0.826,0.01
827,9.978915099027471,4.819276332855225,-1.004655361175537,2.977487802505493,SAM_SGD,0.827,0.01
828,9.978497781709631,4.7859978675842285,-0.9852008819580078,2.9919936656951904,SAM_SGD,0.828,0.01
829,9.978915099027471,4.819276332855225,-1.004655361175537,2.977487802505493,SAM_SGD,0.829,0.01
830,9.978497781709631,4.7859978675842285,-0.9852008819580078,2.9919936656951904,SAM_SGD,0.83,0.01
831,9.978915099027471,4.819276332855225,-1.004655361175537,2.977487802505493,SAM_SGD,0.831,0.01
832,9.978497781709631,4.7859978675842285,-0.9852008819580078,2.9919936656951904,SAM_SGD,0.832,0.01
833,9.978915099027471,4.819276332855225,-1.004655361175537,2.977487802505493,SAM_SGD,0.833,0.01
834,9.978497781709631,4.7859978675842285,-0.9852008819580078,2.9919936656951904,SAM_SGD,0.834,0.01
835,9.978915099027471,4.819276332855225,-1.004655361175537,2.977487802505493,SAM_SGD,0.835,0.01
836,9.978497781709631,4.7859978675842285,-0.9852008819580078,2.9919936656951904,SAM_SGD,0.836,0.01
837,9.978915099027471,4.819276332855225,-1.004655361175537,2.977487802505493,SAM_SGD,0.837,0.01
838,9.978497781709631,4.7859978675842285,-0.9852008819580078,2.9919936656951904,SAM_SGD,0.838,0.01
839,9.978915099027471,4.819276332855225,-1.004655361175537,2.977487802505493,SAM_SGD,0.839,0.01
840,9.978497781709631,4.7859978675842285,-0.9852008819580078,2.9919936656951904,SAM_SGD,0.84,0.01
841,9.978915099027471,4.819276332855225,-1.004655361175537,2.977487802505493,SAM_SGD,0.841,0.01
842,9.978497781709631,4.7859978675842285,-0.9852008819580078,2.9919936656951904,SAM_SGD,0.842,0.01
843,9.978915099027471,4.819276332855225,-1.004655361175537,2.977487802505493,SAM_SGD,0.843,0.01
844,9.978497781709631,4.7859978675842285,-0.9852008819580078,2.9919936656951904,SAM_SGD,0.844,0.01
845,9.978915099027471,4.819276332855225,-1.004655361175537,2.977487802505493,SAM_SGD,0.845,0.01
846,9.978497781709631,4.7859978675842285,-0.9852008819580078,2.9919936656951904,SAM_SGD,0.846,0.01
847,9.978915099027471,4.819276332855225,-1.004655361175537,2.977487802505493,SAM_SGD,0.847,0.01
848,9.978497781709631,4.7859978675842285,-0.9852008819580078,2.9919936656951904,SAM_SGD,0.848,0.01
849,9.978915099027471,4.819276332855225,-1.004655361175537,2.977487802505493,SAM_SGD,0.849,0.01
850,9.978497781709631,4.7859978675842285,-0.9852008819580078,2.9919936656951904,SAM_SGD,0.85,0.01
851,9.978915099027471,4.819276332855225,-1.004655361175537,2.977487802505493,SAM_SGD,0.851,0.01
852,9.978497781709631,4.7859978675842285,-0.9852008819580078,2.9919936656951904,SAM_SGD,0.852,0.01
853,9.978915099027471,4.819276332855225,-1.004655361175537,2.977487802505493,SAM_SGD,0.853,0.01
854,9.978497781709631,4.7859978675842285,-0.9852008819580078,2.9919936656951904,SAM_SGD,0.854,0.01
855,9.978915099027471,4.819276332855225,-1.004655361175537,2.977487802505493,SAM_SGD,0.855,0.01
856,9.978497781709631,4.7859978675842285,-0.9852008819580078,2.9919936656951904,SAM_SGD,0.856,0.01
857,9.978915099027471,4.819276332855225,-1.004655361175537,2.977487802505493,SAM_SGD,0.857,0.01
858,9.978497781709631,4.7859978675842285,-0.9852008819580078,2.9919936656951904,SAM_SGD,0.858,0.01
859,9.978915099027471,4.819276332855225,-1.004655361175537,2.977487802505493,SAM_SGD,0.859,0.01
860,9.978497781709631,4.7859978675842285,-0.9852008819580078,2.9919936656951904,SAM_SGD,0.86,0.01
861,9.978915099027471,4.819276332855225,-1.004655361175537,2.977487802505493,SAM_SGD,0.861,0.01
862,9.978497781709631,4.7859978675842285,-0.9852008819580078,2.9919936656951904,SAM_SGD,0.862,0.01
863,9.978915099027471,4.819276332855225,-1.004655361175537,2.977487802505493,SAM_SGD,0.863,0.01
864,9.978497781709631,4.7859978675842285,-0.9852008819580078,2.9919936656951904,SAM_SGD,0.864,0.01
865,9.978915099027471,4.819276332855225,-1.004655361175537,2.977487802505493,SAM_SGD,0.865,0.01
866,9.978497781709631,4.7859978675842285,-0.9852008819580078,2.9919936656951904,SAM_SGD,0.866,0.01
867,9.978915099027471,4.819276332855225,-1.004655361175537,2.977487802505493,SAM_SGD,0.867,0.01
868,9.978497781709631,4.7859978675842285,-0.9852008819580078,2.9919936656951904,SAM_SGD,0.868,0.01
869,9.978915099027471,4.819276332855225,-1.004655361175537,2.977487802505493,SAM_SGD,0.869,0.01
870,9.978497781709631,4.7859978675842285,-0.9852008819580078,2.9919936656951904,SAM_SGD,0.87,0.01
871,9.978915099027471,4.819276332855225,-1.004655361175537,2.977487802505493,SAM_SGD,0.871,0.01
872,9.978497781709631,4.7859978675842285,-0.9852008819580078,2.9919936656951904,SAM_SGD,0.872,0.01
873,9.978915099027471,4.819276332855225,-1.004655361175537,2.977487802505493,SAM_SGD,0.873,0.01
874,9.978497781709631,4.7859978675842285,-0.9852008819580078,2.9919936656951904,SAM_SGD,0.874,0.01
875,9.978915099027471,4.819276332855225,-1.004655361175537,2.977487802505493,SAM_SGD,0.875,0.01
876,9.978497781709631,4.7859978675842285,-0.9852008819580078,2.9919936656951904,SAM_SGD,0.876,0.01
877,9.978915099027471,4.819276332855225,-1.004655361175537,2.977487802505493,SAM_SGD,0.877,0.01
878,9.978497781709631,4.7859978675842285,-0.9852008819580078,2.9919936656951904,SAM_SGD,0.878,0.01
879,9.978915099027471,4.819276332855225,-1.004655361175537,2.977487802505493,SAM_SGD,0.879,0.01
880,9.978497781709631,4.7859978675842285,-0.9852008819580078,2.9919936656951904,SAM_SGD,0.88,0.01
881,9.978915099027471,4.819276332855225,-1.004655361175537,2.977487802505493,SAM_SGD,0.881,0.01
882,9.978497781709631,4.7859978675842285,-0.9852008819580078,2.9919936656951904,SAM_SGD,0.882,0.01
883,9.978915099027471,4.819276332855225,-1.004655361175537,2.977487802505493,SAM_SGD,0.883,0.01
884,9.978497781709631,4.7859978675842285,-0.9852008819580078,2.9919936656951904,SAM_SGD,0.884,0.01
885,9.978915099027471,4.819276332855225,-1.004655361175537,2.977487802505493,SAM_SGD,0.885,0.01
886,9.978497781709631,4.7859978675842285,-0.9852008819580078,2.9919936656951904,SAM_SGD,0.886,0.01
887,9.978915099027471,4.819276332855225,-1.004655361175537,2.977487802505493,SAM_SGD,0.887,0.01
888,9.978497781709631,4.7859978675842285,-0.9852008819580078,2.9919936656951904,SAM_SGD,0.888,0.01
889,9.978915099027471,4.819276332855225,-1.004655361175537,2.977487802505493,SAM_SGD,0.889,0.01
890,9.978497781709631,4.7859978675842285,-0.9852008819580078,2.9919936656951904,SAM_SGD,0.89,0.01
891,9.978915099027471,4.819276332855225,-1.004655361175537,2.977487802505493,SAM_SGD,0.891,0.01
892,9.978497781709631,4.7859978675842285,-0.9852008819580078,2.9919936656951904,SAM_SGD,0.892,0.01
893,9.978915099027471,4.819276332855225,-1.004655361175537,2.977487802505493,SAM_SGD,0.893,0.01
894,9.978497781709631,4.7859978675842285,-0.9852008819580078,2.9919936656951904,SAM_SGD,0.894,0.01
895,9.978915099027471,4.819276332855225,-1.004655361175537,2.977487802505493,SAM_SGD,0.895,0.01
896,9.978497781709631,4.7859978675842285,-0.9852008819580078,2.9919936656951904,SAM_SGD,0.896,0.01
897,9.978915099027471,4.819276332855225,-1.004655361175537,2.977487802505493,SAM_SGD,0.897,0.01
898,9.978497781709631,4.7859978675842285,-0.9852008819580078,2.9919936656951904,SAM_SGD,0.898,0.01
899,9.978915099027471,4.819276332855225,-1.004655361175537,2.977487802505493,SAM_SGD,0.899,0.01
900,9.978497781709631,4.7859978675842285,-0.9852008819580078,2.9919936656951904,SAM_SGD,0.9,0.01
901,9.978915099027471,4.819276332855225,-1.004655361175537,2.977487802505493,SAM_SGD,0.901,0.01
902,9.978497781709631,4.7859978675842285,-0.9852008819580078,2.9919936656951904,SAM_SGD,0.902,0.01
903,9.978915099027471,4.819276332855225,-1.004655361175537,2.977487802505493,SAM_SGD,0.903,0.01
904,9.978497781709631,4.7859978675842285,-0.9852008819580078,2.9919936656951904,SAM_SGD,0.904,0.01
905,9.978915099027471,4.819276332855225,-1.004655361175537,2.977487802505493,SAM_SGD,0.905,0.01
906,9.978497781709631,4.7859978675842285,-0.9852008819580078,2.9919936656951904,SAM_SGD,0.906,0.01
907,9.978915099027471,4.819276332855225,-1.004655361175537,2.977487802505493,SAM_SGD,0.907,0.01
908,9.978497781709631,4.7859978675842285,-0.9852008819580078,2.9919936656951904,SAM_SGD,0.908,0.01
909,9.978915099027471,4.819276332855225,-1.004655361175537,2.977487802505493,SAM_SGD,0.909,0.01
910,9.978497781709631,4.7859978675842285,-0.9852008819580078,2.9919936656951904,SAM_SGD,0.91,0.01
911,9.978915099027471,4.819276332855225,-1.004655361175537,2.977487802505493,SAM_SGD,0.911,0.01
912,9.978497781709631,4.7859978675842285,-0.9852008819580078,2.9919936656951904,SAM_SGD,0.912,0.01
913,9.978915099027471,4.819276332855225,-1.004655361175537,2.977487802505493,SAM_SGD,0.913,0.01
914,9.978497781709631,4.7859978675842285,-0.9852008819580078,2.9919936656951904,SAM_SGD,0.914,0.01
915,9.978915099027471,4.819276332855225,-1.004655361175537,2.977487802505493,SAM_SGD,0.915,0.01
916,9.978497781709631,4.7859978675842285,-0.9852008819580078,2.9919936656951904,SAM_SGD,0.916,0.01
917,9.978915099027471,4.819276332855225,-1.004655361175537,2.977487802505493,SAM_SGD,0.917,0.01
918,9.978497781709631,4.7859978675842285,-0.9852008819580078,2.9919936656951904,SAM_SGD,0.918,0.01
919,9.978915099027471,4.819276332855225,-1.004655361175537,2.977487802505493,SAM_SGD,0.919,0.01
920,9.978497781709631,4.7859978675842285,-0.9852008819580078,2.9919936656951904,SAM_SGD,0.92,0.01
921,9.978915099027471,4.819276332855225,-1.004655361175537,2.977487802505493,SAM_SGD,0.921,0.01
922,9.978497781709631,4.7859978675842285,-0.9852008819580078,2.9919936656951904,SAM_SGD,0.922,0.01
923,9.978915099027471,4.819276332855225,-1.004655361175537,2.977487802505493,SAM_SGD,0.923,0.01
924,9.978497781709631,4.7859978675842285,-0.9852008819580078,2.9919936656951904,SAM_SGD,0.924,0.01
925,9.978915099027471,4.819276332855225,-1.004655361175537,2.977487802505493,SAM_SGD,0.925,0.01
926,9.978497781709631,4.7859978675842285,-0.9852008819580078,2.9919936656951904,SAM_SGD,0.926,0.01
927,9.978915099027471,4.819276332855225,-1.004655361175537,2.977487802505493,SAM_SGD,0.927,0.01
928,9.978497781709631,4.7859978675842285,-0.9852008819580078,2.9919936656951904,SAM_SGD,0.928,0.01
929,9.978915099027471,4.819276332855225,-1.004655361175537,2.977487802505493,SAM_SGD,0.929,0.01
930,9.978497781709631,4.7859978675842285,-0.9852008819580078,2.9919936656951904,SAM_SGD,0.93,0.01
931,9.978915099027471,4.819276332855225,-1.004655361175537,2.977487802505493,SAM_SGD,0.931,0.01
932,9.978497781709631,4.7859978675842285,-0.9852008819580078,2.9919936656951904,SAM_SGD,0.932,0.01
933,9.978915099027471,4.819276332855225,-1.004655361175537,2.977487802505493,SAM_SGD,0.933,0.01
934,9.978497781709631,4.7859978675842285,-0.9852008819580078,2.9919936656951904,SAM_SGD,0.934,0.01
935,9.978915099027471,4.819276332855225,-1.004655361175537,2.977487802505493,SAM_SGD,0.935,0.01
936,9.978497781709631,4.7859978675842285,-0.9852008819580078,2.9919936656951904,SAM_SGD,0.936,0.01
937,9.978915099027471,4.819276332855225,-1.004655361175537,2.977487802505493,SAM_SGD,0.937,0.01
938,9.978497781709631,4.7859978675842285,-0.9852008819580078,2.9919936656951904,SAM_SGD,0.938,0.01
939,9.978915099027471,4.819276332855225,-1.004655361175537,2.977487802505493,SAM_SGD,0.939,0.01
940,9.978497781709631,4.7859978675842285,-0.9852008819580078,2.9919936656951904,SAM_SGD,0.94,0.01
941,9.978915099027471,4.819276332855225,-1.004655361175537,2.977487802505493,SAM_SGD,0.941,0.01
942,9.978497781709631,4.7859978675842285,-0.9852008819580078,2.9919936656951904,SAM_SGD,0.942,0.01
943,9.978915099027471,4.819276332855225,-1.004655361175537,2.977487802505493,SAM_SGD,0.943,0.01
944,9.978497781709631,4.7859978675842285,-0.9852008819580078,2.9919936656951904,SAM_SGD,0.944,0.01
945,9.978915099027471,4.819276332855225,-1.004655361175537,2.977487802505493,SAM_SGD,0.945,0.01
946,9.978497781709631,4.7859978675842285,-0.9852008819580078,2.9919936656951904,SAM_SGD,0.946,0.01
947,9.978915099027471,4.819276332855225,-1.004655361175537,2.977487802505493,SAM_SGD,0.947,0.01
948,9.978497781709631,4.7859978675842285,-0.9852008819580078,2.9919936656951904,SAM_SGD,0.948,0.01
949,9.978915099027471,4.819276332855225,-1.004655361175537,2.977487802505493,SAM_SGD,0.949,0.01
950,9.978497781709631,4.7859978675842285,-0.9852008819580078,2.9919936656951904,SAM_SGD,0.95,0.01
951,9.978915099027471,4.819276332855225,-1.004655361175537,2.977487802505493,SAM_SGD,0.951,0.01
952,9.978497781709631,4.7859978675842285,-0.9852008819580078,2.9919936656951904,SAM_SGD,0.952,0.01
953,9.978915099027471,4.819276332855225,-1.004655361175537,2.977487802505493,SAM_SGD,0.953,0.01
954,9.978497781709631,4.7859978675842285,-0.9852008819580078,2.9919936656951904,SAM_SGD,0.954,0.01
955,9.978915099027471,4.819276332855225,-1.004655361175537,2.977487802505493,SAM_SGD,0.955,0.01
956,9.978497781709631,4.7859978675842285,-0.9852008819580078,2.9919936656951904,SAM_SGD,0.956,0.01
957,9.978915099027471,4.819276332855225,-1.004655361175537,2.977487802505493,SAM_SGD,0.957,0.01
958,9.978497781709631,4.7859978675842285,-0.9852008819580078,2.9919936656951904,SAM_SGD,0.958,0.01
959,9.978915099027471,4.819276332855225,-1.004655361175537,2.977487802505493,SAM_SGD,0.959,0.01
960,9.978497781709631,4.7859978675842285,-0.9852008819580078,2.9919936656951904,SAM_SGD,0.96,0.01
961,9.978915099027471,4.819276332855225,-1.004655361175537,2.977487802505493,SAM_SGD,0.961,0.01
962,9.978497781709631,4.7859978675842285,-0.9852008819580078,2.9919936656951904,SAM_SGD,0.962,0.01
963,9.978915099027471,4.819276332855225,-1.004655361175537,2.977487802505493,SAM_SGD,0.963,0.01
964,9.978497781709631,4.7859978675842285,-0.9852008819580078,2.9919936656951904,SAM_SGD,0.964,0.01
965,9.978915099027471,4.819276332855225,-1.004655361175537,2.977487802505493,SAM_SGD,0.965,0.01
966,9.978497781709631,4.7859978675842285,-0.9852008819580078,2.9919936656951904,SAM_SGD,0.966,0.01
967,9.978915099027471,4.819276332855225,-1.004655361175537,2.977487802505493,SAM_SGD,0.967,0.01
968,9.978497781709631,4.7859978675842285,-0.9852008819580078,2.9919936656951904,SAM_SGD,0.968,0.01
969,9.978915099027471,4.819276332855225,-1.004655361175537,2.977487802505493,SAM_SGD,0.969,0.01
970,9.978497781709631,4.7859978675842285,-0.9852008819580078,2.9919936656951904,SAM_SGD,0.97,0.01
971,9.978915099027471,4.819276332855225,-1.004655361175537,2.977487802505493,SAM_SGD,0.971,0.01
972,9.978497781709631,4.7859978675842285,-0.9852008819580078,2.9919936656951904,SAM_SGD,0.972,0.01
973,9.978915099027471,4.819276332855225,-1.004655361175537,2.977487802505493,SAM_SGD,0.973,0.01
974,9.978497781709631,4.7859978675842285,-0.9852008819580078,2.9919936656951904,SAM_SGD,0.974,0.01
975,9.978915099027471,4.819276332855225,-1.004655361175537,2.977487802505493,SAM_SGD,0.975,0.01
976,9.978497781709631,4.7859978675842285,-0.9852008819580078,2.9919936656951904,SAM_SGD,0.976,0.01
977,9.978915099027471,4.819276332855225,-1.004655361175537,2.977487802505493,SAM_SGD,0.977,0.01
978,9.978497781709631,4.7859978675842285,-0.9852008819580078,2.9919936656951904,SAM_SGD,0.978,0.01
979,9.978915099027471,4.819276332855225,-1.004655361175537,2.977487802505493,SAM_SGD,0.979,0.01
980,9.978497781709631,4.7859978675842285,-0.9852008819580078,2.9919936656951904,SAM_SGD,0.98,0.01
981,9.978915099027471,4.819276332855225,-1.004655361175537,2.977487802505493,SAM_SGD,0.981,0.01
982,9.978497781709631,4.7859978675842285,-0.9852008819580078,2.9919936656951904,SAM_SGD,0.982,0.01
983,9.978915099027471,4.819276332855225,-1.004655361175537,2.977487802505493,SAM_SGD,0.983,0.01
984,9.978497781709631,4.7859978675842285,-0.9852008819580078,2.9919936656951904,SAM_SGD,0.984,0.01
985,9.978915099027471,4.819276332855225,-1.004655361175537,2.977487802505493,SAM_SGD,0.985,0.01
986,9.978497781709631,4.7859978675842285,-0.9852008819580078,2.9919936656951904,SAM_SGD,0.986,0.01
987,9.978915099027471,4.819276332855225,-1.004655361175537,2.977487802505493,SAM_SGD,0.987,0.01
988,9.978497781709631,4.7859978675842285,-0.9852008819580078,2.9919936656951904,SAM_SGD,0.988,0.01
989,9.978915099027471,4.819276332855225,-1.004655361175537,2.977487802505493,SAM_SGD,0.989,0.01
990,9.978497781709631,4.7859978675842285,-0.9852008819580078,2.9919936656951904,SAM_SGD,0.99,0.01
991,9.978915099027471,4.819276332855225,-1.004655361175537,2.977487802505493,SAM_SGD,0.991,0.01
992,9.978497781709631,4.7859978675842285,-0.9852008819580078,2.9919936656951904,SAM_SGD,0.992,0.01
993,9.978915099027471,4.819276332855225,-1.004655361175537,2.977487802505493,SAM_SGD,0.993,0.01
994,9.978497781709631,4.7859978675842285,-0.9852008819580078,2.9919936656951904,SAM_SGD,0.994,0.01
995,9.978915099027471,4.819276332855225,-1.004655361175537,2.977487802505493,SAM_SGD,0.995,0.01
996,9.978497781709631,4.7859978675842285,-0.9852008819580078,2.9919936656951904,SAM_SGD,0.996,0.01
997,9.978915099027471,4.819276332855225,-1.004655361175537,2.977487802505493,SAM_SGD,0.997,0.01
998,9.978497781709631,4.7859978675842285,-0.9852008819580078,2.9919936656951904,SAM_SGD,0.998,0.01
999,9.978915099027471,4.819276332855225,-1.004655361175537,2.977487802505493,SAM_SGD,0.999,0.01
