basename,path,hash,bytes
2d_convergence_profile_by_threshold.png,results_smoke_terminal_check/visualizations/static/2d_optimization/2d_convergence_profile_by_threshold.png,4be8823a2031b530173e2b06212e3fb0,134722
2d_convergence_profile_by_threshold.png,results_proposal_full_20260223_v2/visualizations/static/2d_optimization/2d_convergence_profile_by_threshold.png,8f1d51c9075b3c8e7a8bb721fc4c9e78,147145
2d_convergence_rate_by_optimizer.png,results_proposal_full_20260223/visualizations/static/2d_optimization/2d_convergence_rate_by_optimizer.png,6313653a71c65985d563bb0e3f053435,158377
2d_convergence_rate_by_optimizer.png,results_proposal_full_20260223_v2/visualizations/static/2d_optimization/2d_convergence_rate_by_optimizer.png,6313653a71c65985d563bb0e3f053435,158377
2d_convergence_rate_by_optimizer.png,results_smoke_terminal_check/visualizations/static/2d_optimization/2d_convergence_rate_by_optimizer.png,82922d1844f14005292f4ae577126153,146503
2d_convergence_rate_strict_by_optimizer.png,results_proposal_full_20260223_v2/visualizations/static/2d_optimization/2d_convergence_rate_strict_by_optimizer.png,3b1bd0bd7eef7da1d1798dc2055a596d,157999
2d_convergence_rate_strict_by_optimizer.png,results_smoke_terminal_check/visualizations/static/2d_optimization/2d_convergence_rate_strict_by_optimizer.png,639cd4cb1cbebe4ff853140143953e87,145694
2d_convergence_rate_strict_by_optimizer.png,results_proposal_full_20260223/visualizations/static/2d_optimization/2d_convergence_rate_strict_by_optimizer.png,f7144465665159299a1a442903ae566c,146101
2d_final_loss_by_optimizer.png,results_proposal_full_20260223/visualizations/static/2d_optimization/2d_final_loss_by_optimizer.png,1cb312a1854cc3f792f4ae0cf67161f1,129558
2d_final_loss_by_optimizer.png,results_smoke_terminal_check/visualizations/static/2d_optimization/2d_final_loss_by_optimizer.png,3e3c501b5e4729bd94c24eb60afd4b49,137487
2d_final_loss_by_optimizer.png,results_proposal_full_20260223_v2/visualizations/static/2d_optimization/2d_final_loss_by_optimizer.png,6ba283dff0626bef73b85d22079ec38e,135356
2d_rastrigin_grad_norm_convergence.png,results_proposal_full_20260223/visualizations/static/2d_optimization/2d_rastrigin_grad_norm_convergence.png,09f66ae98a3072b354a2caa43d3e494d,307874
2d_rastrigin_grad_norm_convergence.png,results_smoke_terminal_check/visualizations/static/2d_optimization/2d_rastrigin_grad_norm_convergence.png,1b136bdc0b8a4adaedc77127913b75f7,341193
2d_rastrigin_grad_norm_convergence.png,results_proposal_full_20260223_v2/visualizations/static/2d_optimization/2d_rastrigin_grad_norm_convergence.png,bfc7b2e64e320d500c6836e4568d4bbb,466932
2d_rastrigin_loss_convergence.png,results_proposal_full_20260223_v2/visualizations/static/2d_optimization/2d_rastrigin_loss_convergence.png,13fb8ffbecd53b4a8b26610f6fde8d70,137695
2d_rastrigin_loss_convergence.png,results_proposal_full_20260223/visualizations/static/2d_optimization/2d_rastrigin_loss_convergence.png,7083d4570959477663e3ecb9cef41ca1,97995
2d_rastrigin_loss_convergence.png,results_smoke_terminal_check/visualizations/static/2d_optimization/2d_rastrigin_loss_convergence.png,93159092e640672baefa1f01b2b782a0,221456
2d_rastrigin_trajectory_overlay.png,results_proposal_full_20260223/visualizations/static/2d_optimization/2d_rastrigin_trajectory_overlay.png,2fa11aa9341364300f4e8a2e3fd77597,187931
2d_rastrigin_trajectory_overlay.png,results_smoke_terminal_check/visualizations/static/2d_optimization/2d_rastrigin_trajectory_overlay.png,5fc91185507d2f67139792786c94ce73,112602
2d_rastrigin_trajectory_overlay.png,results_proposal_full_20260223_v2/visualizations/static/2d_optimization/2d_rastrigin_trajectory_overlay.png,94b07ea73177d03fff3843ddd1c89a5e,134580
2d_rosenbrock_grad_norm_convergence.png,results_smoke_terminal_check/visualizations/static/2d_optimization/2d_rosenbrock_grad_norm_convergence.png,37e2e1dcd627a146a0ec158ed125beed,394129
2d_rosenbrock_grad_norm_convergence.png,results_proposal_full_20260223/visualizations/static/2d_optimization/2d_rosenbrock_grad_norm_convergence.png,73ed81676c756e6c092859497308f4d9,213683
2d_rosenbrock_grad_norm_convergence.png,results_proposal_full_20260223_v2/visualizations/static/2d_optimization/2d_rosenbrock_grad_norm_convergence.png,ae3dce19bbadc6d5ad8274b7a60fbc9e,257256
2d_rosenbrock_loss_convergence.png,results_smoke_terminal_check/visualizations/static/2d_optimization/2d_rosenbrock_loss_convergence.png,1062520e1a6c30f5b64f66abcd8e993e,331992
2d_rosenbrock_loss_convergence.png,results_proposal_full_20260223_v2/visualizations/static/2d_optimization/2d_rosenbrock_loss_convergence.png,48fb0d21ee3fac0ee6f25ed44f0c8278,439517
2d_rosenbrock_loss_convergence.png,results_proposal_full_20260223/visualizations/static/2d_optimization/2d_rosenbrock_loss_convergence.png,c91e72af204c3ad24ad426d55c5ac631,156188
2d_rosenbrock_trajectory_overlay.png,results_proposal_full_20260223_v2/visualizations/static/2d_optimization/2d_rosenbrock_trajectory_overlay.png,28c5b64acae04531a14a78455de4b1d1,358743
2d_rosenbrock_trajectory_overlay.png,results_proposal_full_20260223/visualizations/static/2d_optimization/2d_rosenbrock_trajectory_overlay.png,995aea0b58774a6a327a15c99eeea8d7,119023
2d_rosenbrock_trajectory_overlay.png,results_smoke_terminal_check/visualizations/static/2d_optimization/2d_rosenbrock_trajectory_overlay.png,a3b4d8d517d81fc10a523dcb67bcaeb6,224045
2d_training_results.png,results_proposal_full_20260223/visualizations/2d_training_results.png,1e09cfa81916b2fe6cee5b16d847383d,348084
2d_training_results.png,results/visualizations/2d_training_results.png,21940293e68be838b225913dfd6b4a3c,267747
2d_training_results.png,results_smoke_terminal_check/visualizations/2d_training_results.png,2e87061c21290da5b22da4e5795cdb75,456132
2d_training_results.png,results_proposal_full_20260223_v2/visualizations/2d_training_results.png,9bb64fd3a105437be6d6ad1819750f50,975224
ablation_convergence_rate.png,results_proposal_full_20260223/visualizations/static/ablation/ablation_convergence_rate.png,22150e099e696148605917d29cbcfdb2,122522
ablation_convergence_rate.png,results_proposal_full_20260223_v2/visualizations/static/ablation/ablation_convergence_rate.png,af5ffdca80d6f4455385d1a49cbf7fad,139335
ablation_final_loss_by_optimizer.png,results_proposal_full_20260223_v2/visualizations/static/ablation/ablation_final_loss_by_optimizer.png,0c45f2a89ba327c41950166af9ecbedf,117098
ablation_final_loss_by_optimizer.png,results_proposal_full_20260223/visualizations/static/ablation/ablation_final_loss_by_optimizer.png,74c70af27e76b4b234600ab5646d6425,119921
ablation_iterations_by_optimizer.png,results_proposal_full_20260223/visualizations/static/ablation/ablation_iterations_by_optimizer.png,77b7c49affb2b9512187c547181d5891,110974
ablation_iterations_by_optimizer.png,results_proposal_full_20260223_v2/visualizations/static/ablation/ablation_iterations_by_optimizer.png,e33650266e8665aff3773ee91127745f,111539
ablation_loss_convergence.png,results_proposal_full_20260223/visualizations/static/ablation/ablation_loss_convergence.png,14967142f97df626123a9da7558305ef,195660
ablation_loss_convergence.png,results_proposal_full_20260223_v2/visualizations/static/ablation/ablation_loss_convergence.png,7e8b2639e56c9bbe256137548bafa69d,431568
convergence_rate_comparison.png,results_smoke_terminal_check/convergence_validation/convergence_rate_comparison.png,bf0be28ecc81e835d7be8976acc115f2,204494
convergence_rate_comparison.png,results_proposal_full_20260223_v2/experiments/convergence_validation/convergence_rate_comparison.png,ca8fd2fe603ad41c406eae47fb19cc37,207610
mnist_training_results.png,results/visualizations/mnist_training_results.png,2e0ba1df36a4c6041ac7bf1017a1c3e8,316015
mnist_training_results.png,results_proposal_full_20260223_v2/visualizations/mnist_training_results.png,4ab728eb882c884a281610f4faec4e3e,495938
mnist_training_results.png,results_proposal_full_20260223/visualizations/mnist_training_results.png,ab3a1c7a810449044be78860df409df0,624002
other_training_results.png,results_proposal_full_20260223_v2/visualizations/other_training_results.png,0816f99ff5e41b2fdff2739668ce03e4,419121
other_training_results.png,results_smoke_terminal_check/visualizations/other_training_results.png,08a2fb917e8cbf0612c66cd11991cc8a,347915
other_training_results.png,results_proposal_full_20260223/visualizations/other_training_results.png,c9c5901713459531eabc39f19cda9dd0,314592
robustness_convergence_rate.png,results/visualizations/static/robustness/robustness_convergence_rate.png,1f3af69c04b0cf726b5f8863c8ebcc55,128487
robustness_convergence_rate.png,results_proposal_full_20260223/visualizations/static/robustness/robustness_convergence_rate.png,da6dc4b302bc68f5982b7b780c084bf3,122163
robustness_convergence_rate.png,results_proposal_full_20260223_v2/visualizations/static/robustness/robustness_convergence_rate.png,db84f1dfc79fea33b9d56778f9949200,124875
robustness_final_loss_by_optimizer.png,results_proposal_full_20260223/visualizations/static/robustness/robustness_final_loss_by_optimizer.png,5de4b87f16b8ab166aedd407e48c08d8,125387
robustness_final_loss_by_optimizer.png,results_proposal_full_20260223_v2/visualizations/static/robustness/robustness_final_loss_by_optimizer.png,67d4c4186cfc344d769e93fc080fbbb3,114083
robustness_final_loss_by_optimizer.png,results/visualizations/static/robustness/robustness_final_loss_by_optimizer.png,83ce06577b391fbe30cc481d13ba7103,127391
robustness_grad_norm_convergence.png,results_proposal_full_20260223_v2/visualizations/static/robustness/robustness_grad_norm_convergence.png,3b2c42e5702b3139ce300e209603da14,244651
robustness_grad_norm_convergence.png,results_proposal_full_20260223/visualizations/static/robustness/robustness_grad_norm_convergence.png,55affe3d9bffe6ad3019d88d2e464cbe,175040
robustness_iterations_to_convergence.png,results_proposal_full_20260223/visualizations/static/robustness/robustness_iterations_to_convergence.png,40166beba50ff26aed40b309226bf999,123123
robustness_iterations_to_convergence.png,results/visualizations/static/robustness/robustness_iterations_to_convergence.png,c772a3ca86075da6939bde3286471b4d,140509
robustness_iterations_to_convergence.png,results_proposal_full_20260223_v2/visualizations/static/robustness/robustness_iterations_to_convergence.png,ee441eaa933fd2e41ab69ea0b14aa295,134340
robustness_loss_convergence.png,results_proposal_full_20260223_v2/visualizations/static/robustness/robustness_loss_convergence.png,56b38006ff40115c8cd87ca9d7617352,315964
robustness_loss_convergence.png,results_proposal_full_20260223/visualizations/static/robustness/robustness_loss_convergence.png,a8aabe14f06e47cd47611c43e1c2ccbd,328766
robustness_start_point_sensitivity.png,results_proposal_full_20260223/visualizations/static/robustness/robustness_start_point_sensitivity.png,c79127a295e9966469cc5e5c30576b63,195040
robustness_start_point_sensitivity.png,results_proposal_full_20260223_v2/visualizations/static/robustness/robustness_start_point_sensitivity.png,f22e921f2824be303be25a964dad7063,355341
saddle_point_escape_comparison.png,results_proposal_full_20260223_v2/experiments/saddle_escape/saddle_point_escape_comparison.png,250b535f6b6f3d572ab64370dd4259f8,574037
saddle_point_escape_comparison.png,results_smoke_terminal_check/saddle_escape/saddle_point_escape_comparison.png,fbb5bcb787c3b411168e3d2368f5754b,754723
sam_all_metrics.png,results_proposal_full_20260223_v2/visualizations/static/sam_sensitivity/sam_all_metrics.png,6cfe0d70ec1e2c0ad841f629dad8082b,306742
sam_all_metrics.png,results_proposal_full_20260223/visualizations/static/sam_sensitivity/sam_all_metrics.png,ba32a3d432e76dc1fa5c50afffddde32,271759
sam_rho_sweep.png,results_proposal_full_20260223/visualizations/static/sam_sensitivity/sam_rho_sweep.png,758b8519099971d7734b9b20e2e8bcc5,123781
sam_rho_sweep.png,results_proposal_full_20260223_v2/visualizations/static/sam_sensitivity/sam_rho_sweep.png,87beed5f6998e97dc06167f2bc9e0e15,126198
sam_rho_sweep.png,results/visualizations/static/sam_sensitivity/sam_rho_sweep.png,8922ad3ff46a2aa1a8a575e503ecf2a7,111102
sam_test_accuracy_by_epoch.png,results_proposal_full_20260223_v2/visualizations/static/sam_sensitivity/sam_test_accuracy_by_epoch.png,794c2f15bb54db7c16da30bb0dbc4796,328456
sam_test_accuracy_by_epoch.png,results_proposal_full_20260223/visualizations/static/sam_sensitivity/sam_test_accuracy_by_epoch.png,add341b42e36d02f403f23a184a31752,380938
sam_train_loss_by_epoch.png,results_proposal_full_20260223/visualizations/static/sam_sensitivity/sam_train_loss_by_epoch.png,6b1d09e3440409c5b67095e275308f8c,288921
sam_train_loss_by_epoch.png,results_proposal_full_20260223_v2/visualizations/static/sam_sensitivity/sam_train_loss_by_epoch.png,99410d26367551451bc7add8c37fabad,174003
