phase,epoch,batch,global_step,train_loss,grad_norm,update_norm,lr,layer,layer_grad_norm,test_loss,test_accuracy
train,1,1.0,1,2.3189635276794434,1.988312840461731,0.09941592175999822,0.05,,,,
train,1,2.0,2,2.2103970050811768,1.7050371170043945,0.15104308335487204,0.05,,,,
train,1,3.0,3,2.0982470512390137,1.788657784461975,0.20303142059903792,0.05,,,,
train,1,4.0,4,1.87619948387146,1.8042747974395752,0.24161442341045325,0.05,,,,
train,1,5.0,5,1.661068081855774,1.6759583950042725,0.2690198799920786,0.05,,,,
train,1,6.0,6,1.4340605735778809,1.3986932039260864,0.2832293461173806,0.05,,,,
train,1,7.0,7,1.260311245918274,1.5467054843902588,0.29233250966256835,0.05,,,,
train,1,8.0,8,1.0059373378753662,1.2550674676895142,0.29526438689182755,0.05,,,,
train,1,9.0,9,0.9069207906723022,1.2642266750335693,0.2899400172125226,0.05,,,,
train,1,10.0,10,0.6783049702644348,1.7866040468215942,0.2787352412508146,0.05,,,,
train,1,11.0,11,0.6146889925003052,1.3052513599395752,0.26274683211123223,0.05,,,,
train,1,12.0,12,0.7559911608695984,1.7212169170379639,0.2560622576592009,0.05,,,,
train,1,13.0,13,0.6216832995414734,1.7044923305511475,0.2460828770122315,0.05,,,,
train,1,14.0,14,0.5053683519363403,1.3693609237670898,0.2293086552833313,0.05,,,,
train,1,15.0,15,0.5818439722061157,2.02535343170166,0.2214860798429779,0.05,,,,
train,1,16.0,16,0.4998806118965149,1.826310157775879,0.20733250213722376,0.05,,,,
train,1,17.0,17,0.3628794550895691,1.450234055519104,0.20100033002916157,0.05,,,,
train,1,18.0,18,0.6218705177307129,1.398128867149353,0.1795092324794117,0.05,,,,
train,1,19.0,19,0.5340715050697327,1.6701064109802246,0.17083977000420206,0.05,,,,
train,1,20.0,20,0.5238834619522095,1.8285025358200073,0.18542829268642794,0.05,,,,
train,1,21.0,21,0.5018721222877502,1.1866601705551147,0.17475888455454094,0.05,,,,
train,1,22.0,22,0.4622054398059845,1.7068971395492554,0.15922791938254646,0.05,,,,
train,1,23.0,23,0.45382410287857056,2.87510347366333,0.1787203313079869,0.05,,,,
train,1,24.0,24,0.4396026134490967,2.1377334594726562,0.20814644263130558,0.05,,,,
train,1,25.0,25,0.6128708124160767,2.856027603149414,0.19099537022325827,0.05,,,,
train,1,26.0,26,0.6210585236549377,3.142362356185913,0.19073895735638283,0.05,,,,
train,1,27.0,27,0.3792933523654938,1.6445752382278442,0.17957632330122825,0.05,,,,
train,1,28.0,28,0.7146404981613159,2.2524616718292236,0.16802611452118527,0.05,,,,
train,1,29.0,29,0.4173814654350281,1.6738282442092896,0.16443595908088968,0.05,,,,
train,1,30.0,30,0.3146129250526428,1.496001958847046,0.16676784663737357,0.05,,,,
train,1,31.0,31,0.514815628528595,2.1574254035949707,0.17344135356716767,0.05,,,,
train,1,32.0,32,0.5047835111618042,2.3615357875823975,0.17859893175725414,0.05,,,,
train,1,33.0,33,0.4560762345790863,1.635861873626709,0.17088835600829952,0.05,,,,
train,1,34.0,34,0.42391136288642883,1.564953327178955,0.15078951596893603,0.05,,,,
train,1,35.0,35,0.5810571908950806,1.94707190990448,0.17622510105288253,0.05,,,,
train,1,36.0,36,0.38784968852996826,1.5933456420898438,0.1496095630357334,0.05,,,,
train,1,37.0,37,0.3475082218647003,1.6736561059951782,0.15380458726045243,0.05,,,,
train,1,38.0,38,0.44059503078460693,1.39136803150177,0.14922963144975443,0.05,,,,
train,1,39.0,39,0.41697677969932556,1.440258264541626,0.13903568056968366,0.05,,,,
train,1,40.0,40,0.28976428508758545,1.3555325269699097,0.1550029586069696,0.05,,,,
train,1,41.0,41,0.48904529213905334,1.3913389444351196,0.15083061903811099,0.05,,,,
train,1,42.0,42,0.2514776289463043,1.2644065618515015,0.13329325202780704,0.05,,,,
train,1,43.0,43,0.38791435956954956,1.4625835418701172,0.12488648114999228,0.05,,,,
train,1,44.0,44,0.27217790484428406,0.8653661608695984,0.12163260132965538,0.05,,,,
train,1,45.0,45,0.4296436905860901,1.2015446424484253,0.13097377205210936,0.05,,,,
train,1,46.0,46,0.34800052642822266,1.1332459449768066,0.13511885407380134,0.05,,,,
train,1,47.0,47,0.30025842785835266,1.0819883346557617,0.13583158044939583,0.05,,,,
train,1,48.0,48,0.22003014385700226,0.8609852194786072,0.11597939868267995,0.05,,,,
train,1,49.0,49,0.34861624240875244,1.0996631383895874,0.11633921873370029,0.05,,,,
train,1,50.0,50,0.3493538796901703,1.1173393726348877,0.1105262606376766,0.05,,,,
train,1,51.0,51,0.3047630786895752,1.1574302911758423,0.11776242756190015,0.05,,,,
train,1,52.0,52,0.39331722259521484,0.9887089729309082,0.12495728151965813,0.05,,,,
train,1,53.0,53,0.4010704457759857,1.0058513879776,0.1219601772955964,0.05,,,,
train,1,54.0,54,0.3476172983646393,1.1919087171554565,0.10470723614094662,0.05,,,,
train,1,55.0,55,0.41131019592285156,1.0589876174926758,0.1024514994483249,0.05,,,,
train,1,56.0,56,0.279918909072876,0.7557708024978638,0.09869146909078363,0.05,,,,
train,1,57.0,57,0.26837462186813354,0.9621728658676147,0.1066526937218806,0.05,,,,
train,1,58.0,58,0.2312297821044922,0.8133469223976135,0.10036238857024857,0.05,,,,
train,1,59.0,59,0.33949515223503113,0.8674195408821106,0.09778751212030592,0.05,,,,
train,1,60.0,60,0.36610016226768494,0.9188298583030701,0.09913127547311847,0.05,,,,
train,1,61.0,61,0.260969340801239,0.8939589858055115,0.09463619112096537,0.05,,,,
train,1,62.0,62,0.3473789393901825,0.9800260663032532,0.10176878084364138,0.05,,,,
train,1,63.0,63,0.2733074724674225,0.8658802509307861,0.10269622674302274,0.05,,,,
train,1,64.0,64,0.288210928440094,0.8383870720863342,0.09724560967800461,0.05,,,,
train,1,65.0,65,0.2370077520608902,0.8681966066360474,0.08976145204611764,0.05,,,,
train,1,66.0,66,0.23768138885498047,0.844441831111908,0.09001889300694953,0.05,,,,
train,1,67.0,67,0.3763177692890167,1.1654289960861206,0.10195220957288316,0.05,,,,
train,1,68.0,68,0.21164777874946594,0.7407981157302856,0.10714120550576516,0.05,,,,
train,1,69.0,69,0.2163473665714264,0.7920509576797485,0.09922910701055387,0.05,,,,
train,1,70.0,70,0.17452304065227509,0.5998369455337524,0.09263308209031637,0.05,,,,
train,1,71.0,71,0.3122837245464325,1.1163386106491089,0.08730452280284375,0.05,,,,
train,1,72.0,72,0.18923313915729523,0.7593567967414856,0.08537199274328594,0.05,,,,
train,1,73.0,73,0.19306282699108124,0.6887463927268982,0.08761965498760876,0.05,,,,
train,1,74.0,74,0.249441996216774,0.66262286901474,0.08410109776402323,0.05,,,,
train,1,75.0,75,0.258605420589447,0.8802433609962463,0.0820821188493361,0.05,,,,
train,1,76.0,76,0.24576064944267273,1.051729679107666,0.09022608594280623,0.05,,,,
train,1,77.0,77,0.3324163556098938,0.9867232441902161,0.08585182313324112,0.05,,,,
train,1,78.0,78,0.29990947246551514,0.9185787439346313,0.08482016792690895,0.05,,,,
train,1,79.0,79,0.17631515860557556,0.7443890571594238,0.0903289422468787,0.05,,,,
train,1,80.0,80,0.19791200757026672,0.8643782734870911,0.0992462933898963,0.05,,,,
train,1,81.0,81,0.20825077593326569,0.6376209855079651,0.09201891140642988,0.05,,,,
train,1,82.0,82,0.22201929986476898,1.0186737775802612,0.0815875608466795,0.05,,,,
train,1,83.0,83,0.18098033964633942,0.8684678673744202,0.08065432292324135,0.05,,,,
train,1,84.0,84,0.24972094595432281,1.1229480504989624,0.0903888337133096,0.05,,,,
train,1,85.0,85,0.21288125216960907,0.7421352863311768,0.09187564621201971,0.05,,,,
train,1,86.0,86,0.2838379740715027,0.773639440536499,0.09048675571324649,0.05,,,,
train,1,87.0,87,0.3040415644645691,0.9778591394424438,0.089886230628255,0.05,,,,
train,1,88.0,88,0.2087818831205368,0.8833798766136169,0.08444980094884301,0.05,,,,
train,1,89.0,89,0.11726420372724533,0.8406556844711304,0.07952082545347164,0.05,,,,
train,1,90.0,90,0.147974893450737,0.5994477272033691,0.07880732521243194,0.05,,,,
train,1,91.0,91,0.24220934510231018,0.7981579303741455,0.08229696393189297,0.05,,,,
train,1,92.0,92,0.18115389347076416,0.6920791268348694,0.0812963677488791,0.05,,,,
train,1,93.0,93,0.1936005800962448,0.7527187466621399,0.08062442410153473,0.05,,,,
train,1,94.0,94,0.2131429761648178,0.8511613011360168,0.07996200935652593,0.05,,,,
train,1,95.0,95,0.19386842846870422,0.7066875100135803,0.07685737967005375,0.05,,,,
train,1,96.0,96,0.2393934428691864,0.9703275561332703,0.08610557789163527,0.05,,,,
train,1,97.0,97,0.14311808347702026,0.6133126020431519,0.08060842509590603,0.05,,,,
train,1,98.0,98,0.24806895852088928,0.680925190448761,0.07773676139316839,0.05,,,,
train,1,99.0,99,0.15379776060581207,0.645976722240448,0.07848269031896946,0.05,,,,
train,1,100.0,100,0.33145368099212646,0.8235825300216675,0.07932406563730014,0.05,,,,
train,1,101.0,101,0.20241250097751617,0.7474053502082825,0.07350290291888815,0.05,,,,
train,1,102.0,102,0.29314765334129333,1.0084294080734253,0.07717304344647284,0.05,,,,
train,1,103.0,103,0.1463668942451477,0.6214491128921509,0.07451369075557569,0.05,,,,
train,1,104.0,104,0.17502714693546295,0.6964983344078064,0.0747219577640338,0.05,,,,
train,1,105.0,105,0.2005353569984436,0.7634865045547485,0.07764739502593003,0.05,,,,
train,1,106.0,106,0.26959896087646484,0.8217052221298218,0.0849785623111427,0.05,,,,
train,1,107.0,107,0.20524106919765472,0.7645168900489807,0.08769010274124209,0.05,,,,
train,1,108.0,108,0.3277263343334198,1.1531699895858765,0.09455489086951804,0.05,,,,
train,1,109.0,109,0.17089173197746277,0.8153272271156311,0.0972704286349933,0.05,,,,
train,1,110.0,110,0.23579953610897064,0.8237873911857605,0.09004423875804146,0.05,,,,
train,1,111.0,111,0.22989170253276825,0.8910790085792542,0.08572164964619373,0.05,,,,
train,1,112.0,112,0.16862885653972626,0.8143272995948792,0.08445980663877992,0.05,,,,
train,1,113.0,113,0.22218091785907745,0.8480004668235779,0.08690308060265063,0.05,,,,
train,1,114.0,114,0.12799130380153656,0.6070494651794434,0.07873319159367442,0.05,,,,
train,1,115.0,115,0.11543483287096024,0.6266311407089233,0.07773635160372312,0.05,,,,
train,1,116.0,116,0.2476636916399002,0.7618851065635681,0.08110382947202632,0.05,,,,
train,1,117.0,117,0.20735593140125275,0.7843315601348877,0.08161864807929706,0.05,,,,
train,1,118.0,118,0.20526079833507538,0.8755385875701904,0.08724507272454995,0.05,,,,
train,1,119.0,119,0.25759249925613403,0.7234845757484436,0.08582747840441604,0.05,,,,
train,1,120.0,120,0.15007968246936798,0.6804484724998474,0.08071349061615488,0.05,,,,
train,1,121.0,121,0.21103474497795105,0.9385298490524292,0.08396375432412422,0.05,,,,
train,1,122.0,122,0.17548803985118866,1.0109984874725342,0.09372754813982734,0.05,,,,
train,1,123.0,123,0.20679278671741486,1.0347298383712769,0.09908646101626092,0.05,,,,
train,1,124.0,124,0.1117667630314827,0.543958842754364,0.09079406961627673,0.05,,,,
train,1,125.0,125,0.2161351442337036,0.8542433977127075,0.08562154996422554,0.05,,,,
train,1,126.0,126,0.17796504497528076,1.1627352237701416,0.08090175110778722,0.05,,,,
train,1,127.0,127,0.21166880428791046,0.8504006266593933,0.08799656739412615,0.05,,,,
train,1,128.0,128,0.15838763117790222,0.7147651314735413,0.08385523424124094,0.05,,,,
train,1,129.0,129,0.21202529966831207,0.8173043727874756,0.08295964269005604,0.05,,,,
train,1,130.0,130,0.17750254273414612,0.6518486738204956,0.08397676134733176,0.05,,,,
train,1,131.0,131,0.27074211835861206,1.0006247758865356,0.0927907160225654,0.05,,,,
train,1,132.0,132,0.11196514964103699,0.654927670955658,0.08539191116993601,0.05,,,,
train,1,133.0,133,0.2320588380098343,0.7240282893180847,0.08302527908542154,0.05,,,,
train,1,134.0,134,0.22696900367736816,0.915543794631958,0.09022545423369153,0.05,,,,
train,1,135.0,135,0.15028837323188782,0.7534112334251404,0.08595382574579082,0.05,,,,
train,1,136.0,136,0.2091105729341507,0.9584220051765442,0.08039518734899552,0.05,,,,
train,1,137.0,137,0.0929189920425415,0.570131778717041,0.07671448749495434,0.05,,,,
train,1,138.0,138,0.37270909547805786,1.0792888402938843,0.08417244279680074,0.05,,,,
train,1,139.0,139,0.14937570691108704,0.6255903840065002,0.07986611655761978,0.05,,,,
train,1,140.0,140,0.1611892282962799,0.8458256721496582,0.08455062946501027,0.05,,,,
train,1,141.0,141,0.16432036459445953,0.8075417280197144,0.08647718708843448,0.05,,,,
train,1,142.0,142,0.20655928552150726,0.8276174068450928,0.08064092213165727,0.05,,,,
train,1,143.0,143,0.33466506004333496,0.9860507249832153,0.090022282853018,0.05,,,,
train,1,144.0,144,0.17454123497009277,1.1644461154937744,0.08651613368882874,0.05,,,,
train,1,145.0,145,0.2730163633823395,0.8730077147483826,0.09136645554584269,0.05,,,,
train,1,146.0,146,0.18979203701019287,0.8646221160888672,0.09757899855892564,0.05,,,,
train,1,147.0,147,0.1536521166563034,0.7341058254241943,0.0984487420077365,0.05,,,,
train,1,148.0,148,0.23273634910583496,0.9681195616722107,0.09285432986162266,0.05,,,,
train,1,149.0,149,0.2040543109178543,0.8418537378311157,0.09453106008052667,0.05,,,,
train,1,150.0,150,0.24755939841270447,1.3598476648330688,0.1032541629138806,0.05,,,,
train,1,151.0,151,0.23611560463905334,0.8993616700172424,0.11010559860288531,0.05,,,,
train,1,152.0,152,0.29193758964538574,1.0497359037399292,0.10925457874660549,0.05,,,,
train,1,153.0,153,0.20382964611053467,1.200663447380066,0.10176743148523884,0.05,,,,
train,1,154.0,154,0.2076541781425476,0.7691071629524231,0.09518152853449235,0.05,,,,
train,1,155.0,155,0.13442553579807281,0.6760790348052979,0.09366030014284316,0.05,,,,
train,1,156.0,156,0.14364193379878998,0.897721529006958,0.08589039399632838,0.05,,,,
train,1,157.0,157,0.17538122832775116,0.7850786447525024,0.09400688657210175,0.05,,,,
train,1,158.0,158,0.21108493208885193,0.6640010476112366,0.09729878391700161,0.05,,,,
train,1,159.0,159,0.3129149079322815,1.1771249771118164,0.09341910660679498,0.05,,,,
train,1,160.0,160,0.2165188491344452,1.03428053855896,0.09085074702300887,0.05,,,,
train,1,161.0,161,0.3106237053871155,1.115443468093872,0.09284035917775965,0.05,,,,
train,1,162.0,162,0.24261854588985443,1.170646071434021,0.1026503880035844,0.05,,,,
train,1,163.0,163,0.09874771535396576,0.5225141644477844,0.09861046735127045,0.05,,,,
train,1,164.0,164,0.17971362173557281,0.9061172604560852,0.09544254724581724,0.05,,,,
train,1,165.0,165,0.17909930646419525,0.6687474846839905,0.09247332181792567,0.05,,,,
train,1,166.0,166,0.19520652294158936,0.8641307950019836,0.09206163744090122,0.05,,,,
train,1,167.0,167,0.2658716142177582,0.9255093932151794,0.0922348013091352,0.05,,,,
train,1,168.0,168,0.0970836654305458,0.5097466707229614,0.08706607260702028,0.05,,,,
train,1,169.0,169,0.21950069069862366,0.7197904586791992,0.08740498098161273,0.05,,,,
train,1,170.0,170,0.20289373397827148,0.7940251231193542,0.09435457381698499,0.05,,,,
train,1,171.0,171,0.1430799812078476,0.654312252998352,0.08806719988051354,0.05,,,,
train,1,172.0,172,0.1976301521062851,1.161922812461853,0.08728746283444633,0.05,,,,
train,1,173.0,173,0.19985298812389374,0.7735928893089294,0.08743239759131641,0.05,,,,
train,1,174.0,174,0.09600485116243362,0.618794322013855,0.08541272454038454,0.05,,,,
train,1,175.0,175,0.23375816643238068,1.1462103128433228,0.09081942130754803,0.05,,,,
train,1,176.0,176,0.12540486454963684,0.5849112272262573,0.08903387047822106,0.05,,,,
train,1,177.0,177,0.23756787180900574,0.9037699699401855,0.09255151844572704,0.05,,,,
train,1,178.0,178,0.0521811880171299,0.4025852680206299,0.08284083450761837,0.05,,,,
train,1,179.0,179,0.2532617747783661,1.0074657201766968,0.0843198019582271,0.05,,,,
train,1,180.0,180,0.2474033534526825,0.8910455107688904,0.08260932050367734,0.05,,,,
train,1,181.0,181,0.16290920972824097,0.7184197902679443,0.07925090590190376,0.05,,,,
train,1,182.0,182,0.19388698041439056,0.943008303642273,0.0889792024124838,0.05,,,,
train,1,183.0,183,0.12993426620960236,0.808303952217102,0.095196893513801,0.05,,,,
train,1,184.0,184,0.08546118438243866,0.4880053400993347,0.09217765318280881,0.05,,,,
train,1,185.0,185,0.13271908462047577,0.5825058817863464,0.08532210913807031,0.05,,,,
train,1,186.0,186,0.17744238674640656,0.9467139840126038,0.08939586775484017,0.05,,,,
train,1,187.0,187,0.19018970429897308,0.905004620552063,0.08916790355612268,0.05,,,,
train,1,188.0,188,0.20128747820854187,0.7585787177085876,0.08247653557732791,0.05,,,,
train,1,189.0,189,0.3720166087150574,1.201766848564148,0.09317740935300542,0.05,,,,
train,1,190.0,190,0.30408239364624023,1.036786675453186,0.10588569835817821,0.05,,,,
train,1,191.0,191,0.18001453578472137,0.7966852188110352,0.10495920451936927,0.05,,,,
train,1,192.0,192,0.1598386913537979,0.810165524482727,0.09697929601856717,0.05,,,,
train,1,193.0,193,0.076807402074337,0.5365684628486633,0.0821085984982319,0.05,,,,
train,1,194.0,194,0.1698226034641266,0.8177006244659424,0.07575962649386325,0.05,,,,
train,1,195.0,195,0.2508830726146698,1.0090866088867188,0.08606394070418048,0.05,,,,
train,1,196.0,196,0.13384173810482025,0.6861550211906433,0.08846397894190391,0.05,,,,
train,1,197.0,197,0.29472270607948303,0.9568256735801697,0.09642489083841833,0.05,,,,
train,1,198.0,198,0.1468173861503601,0.6904289126396179,0.09572871017145577,0.05,,,,
train,1,199.0,199,0.15452219545841217,0.7010946273803711,0.08824860073467702,0.05,,,,
train,1,200.0,200,0.2251024842262268,1.0135012865066528,0.09538435037265754,0.05,,,,
train,1,201.0,201,0.27857735753059387,1.2136342525482178,0.10340453589510255,0.05,,,,
train,1,202.0,202,0.1429772675037384,0.7010520696640015,0.10852241623386347,0.05,,,,
train,1,203.0,203,0.23512615263462067,0.8752546906471252,0.10095167570741484,0.05,,,,
train,1,204.0,204,0.1590878665447235,0.8556544184684753,0.09630455617077892,0.05,,,,
train,1,205.0,205,0.21389172971248627,0.9563135504722595,0.08939235880462479,0.05,,,,
train,1,206.0,206,0.20891045033931732,0.7436264157295227,0.08685402794101237,0.05,,,,
train,1,207.0,207,0.18919195234775543,0.8886067271232605,0.09325975204904347,0.05,,,,
train,1,208.0,208,0.18719063699245453,0.9564874172210693,0.09562923044204087,0.05,,,,
train,1,209.0,209,0.19219474494457245,0.8728325963020325,0.10400373960871175,0.05,,,,
train,1,210.0,210,0.215621680021286,1.0147196054458618,0.10110652736616901,0.05,,,,
train,1,211.0,211,0.2000579535961151,0.8975882530212402,0.09830230638433346,0.05,,,,
train,1,212.0,212,0.13182218372821808,0.6681427359580994,0.0952318881737606,0.05,,,,
train,1,213.0,213,0.10230767726898193,0.6071780920028687,0.09153911165373645,0.05,,,,
train,1,214.0,214,0.13474777340888977,0.5654500722885132,0.09085792743370291,0.05,,,,
train,1,215.0,215,0.14874900877475739,0.7246804237365723,0.09064436080144171,0.05,,,,
train,1,216.0,216,0.1626654714345932,0.8314583897590637,0.0842219589803554,0.05,,,,
train,1,217.0,217,0.26637041568756104,1.0264458656311035,0.08516901879505846,0.05,,,,
train,1,218.0,218,0.2958129942417145,1.3387621641159058,0.10340355785714941,0.05,,,,
train,1,219.0,219,0.17845913767814636,0.8101994395256042,0.1055123411253645,0.05,,,,
train,1,220.0,220,0.1595514565706253,0.8782373666763306,0.11468868950674131,0.05,,,,
train,1,221.0,221,0.2516838014125824,0.8641769289970398,0.1096389509243783,0.05,,,,
train,1,222.0,222,0.17792071402072906,0.658052921295166,0.09715647987923513,0.05,,,,
train,1,223.0,223,0.1373431533575058,0.921517014503479,0.08256049720267013,0.05,,,,
train,1,224.0,224,0.23457174003124237,1.2002400159835815,0.08576631739682165,0.05,,,,
train,1,225.0,225,0.2232370525598526,1.1529048681259155,0.10343200221098585,0.05,,,,
train,1,226.0,226,0.23787619173526764,0.8644800782203674,0.10915478558352402,0.05,,,,
train,1,227.0,227,0.07500708103179932,0.5025091767311096,0.10342934702346114,0.05,,,,
train,1,228.0,228,0.16863210499286652,0.6350640058517456,0.0951823767895544,0.05,,,,
train,1,229.0,229,0.16266445815563202,0.7430055737495422,0.08795537780364752,0.05,,,,
train,1,230.0,230,0.1272357702255249,0.7481431365013123,0.0830998631713552,0.05,,,,
train,1,231.0,231,0.15351472795009613,0.9117268919944763,0.09022493751380295,0.05,,,,
train,1,232.0,232,0.14186109602451324,0.7225962281227112,0.09127320939064032,0.05,,,,
train,1,233.0,233,0.18821488320827484,0.7099811434745789,0.087917008331934,0.05,,,,
train,1,234.0,234,0.12627799808979034,0.624599277973175,0.08644190797934,0.05,,,,
train,1,235.0,235,0.24122567474842072,0.9261553287506104,0.08807753900135294,0.05,,,,
train,1,236.0,236,0.10502954572439194,0.5379090309143066,0.08058952505352619,0.05,,,,
train,1,237.0,237,0.12124655395746231,0.7840824127197266,0.0773533994131062,0.05,,,,
train,1,238.0,238,0.09991907328367233,0.5220100283622742,0.07316811727447599,0.05,,,,
train,1,239.0,239,0.21818673610687256,0.8432002067565918,0.08007676920432698,0.05,,,,
train,1,240.0,240,0.12304159998893738,0.7356064915657043,0.08547194670639012,0.05,,,,
train,1,241.0,241,0.15038488805294037,0.8015448451042175,0.09052433354362614,0.05,,,,
train,1,242.0,242,0.06331531703472137,0.5107192993164062,0.08558250017115296,0.05,,,,
train,1,243.0,243,0.0988515093922615,0.5777689218521118,0.0829923249631406,0.05,,,,
train,1,244.0,244,0.10460333526134491,0.649613618850708,0.08024404904701178,0.05,,,,
train,1,245.0,245,0.33864086866378784,1.1532527208328247,0.08153179037852824,0.05,,,,
train,1,246.0,246,0.1641823649406433,0.7600256204605103,0.08091111773524802,0.05,,,,
train,1,247.0,247,0.19270887970924377,0.850407600402832,0.08539064480086145,0.05,,,,
train,1,248.0,248,0.2138037532567978,0.8804100751876831,0.09257049612206134,0.05,,,,
train,1,249.0,249,0.10497178882360458,0.5980843901634216,0.08926608918470896,0.05,,,,
train,1,250.0,250,0.15099340677261353,0.8198211789131165,0.08889600277424695,0.05,,,,
train,1,251.0,251,0.13493245840072632,0.5424104928970337,0.08409807796997179,0.05,,,,
train,1,252.0,252,0.17671965062618256,0.7999988198280334,0.07977886671554486,0.05,,,,
train,1,253.0,253,0.126285582780838,0.7318690419197083,0.08123521988034725,0.05,,,,
train,1,254.0,254,0.14361372590065002,0.8341687917709351,0.08053169094094166,0.05,,,,
train,1,255.0,255,0.1767124980688095,0.8238541483879089,0.08370068941156286,0.05,,,,
train,1,256.0,256,0.1712966412305832,0.7983814477920532,0.09055023061560821,0.05,,,,
train,1,257.0,257,0.14981412887573242,0.7797317504882812,0.09031395147777922,0.05,,,,
train,1,258.0,258,0.25852322578430176,1.0650752782821655,0.09544301689789728,0.05,,,,
train,1,259.0,259,0.14469073712825775,0.7366974949836731,0.0904310391257939,0.05,,,,
train,1,260.0,260,0.11608506739139557,0.6682581901550293,0.08370174084063044,0.05,,,,
train,1,261.0,261,0.19259831309318542,0.8523975610733032,0.09046883858573534,0.05,,,,
train,1,262.0,262,0.2716280519962311,0.9433376789093018,0.08919962157992681,0.05,,,,
train,1,263.0,263,0.15460367500782013,0.6311516761779785,0.08301471942130247,0.05,,,,
train,1,264.0,264,0.20466645061969757,1.0238137245178223,0.09325483592467257,0.05,,,,
train,1,265.0,265,0.1340046375989914,0.76850426197052,0.09100039775507968,0.05,,,,
train,1,266.0,266,0.1038585752248764,0.587358832359314,0.08399593768922879,0.05,,,,
train,1,267.0,267,0.07264593988656998,0.5663154721260071,0.077184240419748,0.05,,,,
train,1,268.0,268,0.2523224949836731,1.1710336208343506,0.08288764574783558,0.05,,,,
train,1,269.0,269,0.1526017040014267,0.6991723775863647,0.08189062560984249,0.05,,,,
train,1,270.0,270,0.2549694776535034,1.0270986557006836,0.09501525457390408,0.05,,,,
train,1,271.0,271,0.07131318747997284,0.5233141779899597,0.08782372946370506,0.05,,,,
train,1,272.0,272,0.1262585073709488,0.642747163772583,0.08360863194792509,0.05,,,,
train,1,273.0,273,0.17816510796546936,0.916782557964325,0.08522072549330506,0.05,,,,
train,1,274.0,274,0.14505483210086823,0.6824454069137573,0.0788965881779072,0.05,,,,
train,1,275.0,275,0.17869946360588074,0.9037293791770935,0.08158940206429632,0.05,,,,
train,1,276.0,276,0.1543845534324646,0.7451764345169067,0.08663939873059041,0.05,,,,
train,1,277.0,277,0.12758931517601013,0.7929608821868896,0.08960755212854067,0.05,,,,
train,1,278.0,278,0.2654869556427002,0.8409929871559143,0.08603395545465406,0.05,,,,
train,1,279.0,279,0.10091013461351395,0.5931276679039001,0.07809518413297854,0.05,,,,
train,1,280.0,280,0.10434303432703018,0.5866674780845642,0.07647281174126457,0.05,,,,
train,1,281.0,281,0.2602410316467285,1.0339922904968262,0.08544199089684372,0.05,,,,
train,1,282.0,282,0.14244408905506134,0.7111906409263611,0.08804947372791286,0.05,,,,
train,1,283.0,283,0.1618715524673462,0.7354925870895386,0.08767570547768291,0.05,,,,
train,1,284.0,284,0.3740118145942688,1.0762540102005005,0.09897961346587501,0.05,,,,
train,1,285.0,285,0.15323790907859802,0.7908022999763489,0.09579740956389808,0.05,,,,
train,1,286.0,286,0.09293405711650848,0.6165429949760437,0.0925365362708354,0.05,,,,
train,1,287.0,287,0.1898501217365265,0.7336555123329163,0.08661029295060298,0.05,,,,
train,1,288.0,288,0.1699942797422409,1.0167696475982666,0.09267165069934834,0.05,,,,
train,1,289.0,289,0.1412712037563324,0.7347102761268616,0.09184951318594711,0.05,,,,
train,1,290.0,290,0.231986865401268,1.121543288230896,0.08901578351655652,0.05,,,,
train,1,291.0,291,0.14192607998847961,0.807019054889679,0.09483588634751507,0.05,,,,
train,1,292.0,292,0.14745411276817322,0.7304111123085022,0.09483262796024114,0.05,,,,
train,1,293.0,293,0.06712689995765686,0.43623724579811096,0.08637128666603469,0.05,,,,
train,1,294.0,294,0.15632975101470947,0.8307684063911438,0.07777353552707932,0.05,,,,
train,1,295.0,295,0.10480700433254242,0.6347047090530396,0.07227661841422087,0.05,,,,
train,1,296.0,296,0.11473903805017471,0.6705892086029053,0.06959058684919305,0.05,,,,
train,1,297.0,297,0.08879426121711731,0.584762692451477,0.0645280522188146,0.05,,,,
train,1,298.0,298,0.28343522548675537,1.0989375114440918,0.07924206092018732,0.05,,,,
train,1,299.0,299,0.09469578415155411,0.589259147644043,0.08205381537295908,0.05,,,,
train,1,300.0,300,0.09197353571653366,0.5612400770187378,0.08092281715903554,0.05,,,,
train,1,301.0,301,0.13010190427303314,0.5981836915016174,0.07360444515582955,0.05,,,,
train,1,302.0,302,0.13637922704219818,0.6503278017044067,0.07354341492402564,0.05,,,,
train,1,303.0,303,0.15872588753700256,0.7300326228141785,0.07230185140964403,0.05,,,,
train,1,304.0,304,0.23323701322078705,0.9710699915885925,0.07429327812601488,0.05,,,,
train,1,305.0,305,0.17155969142913818,0.7149508595466614,0.07603721394296518,0.05,,,,
train,1,306.0,306,0.20546427369117737,0.8511485457420349,0.08558783756404578,0.05,,,,
train,1,307.0,307,0.09169003367424011,0.5192407369613647,0.08175437209444321,0.05,,,,
train,1,308.0,308,0.06814966350793839,0.4652042090892792,0.07601548343150494,0.05,,,,
train,1,309.0,309,0.10670560598373413,0.5281556844711304,0.071928049432437,0.05,,,,
train,1,310.0,310,0.11769154667854309,0.607541024684906,0.06876338377273199,0.05,,,,
train,1,311.0,311,0.09958790242671967,0.5462965965270996,0.0664254645821099,0.05,,,,
train,1,312.0,312,0.09428246319293976,0.5768796801567078,0.06485962078050432,0.05,,,,
train,1,313.0,313,0.14784348011016846,0.639578104019165,0.06740877920500225,0.05,,,,
train,1,314.0,314,0.146087184548378,0.7284309267997742,0.0662488014808209,0.05,,,,
train,1,315.0,315,0.07667642086744308,0.5242257118225098,0.06378015500252737,0.05,,,,
train,1,316.0,316,0.17793795466423035,0.9590065479278564,0.07591020100566874,0.05,,,,
train,1,317.0,317,0.12826454639434814,0.6591379046440125,0.08248667355547666,0.05,,,,
train,1,318.0,318,0.06633901596069336,0.44478151202201843,0.07965612273772263,0.05,,,,
train,1,319.0,319,0.17641913890838623,0.857169508934021,0.06972033773645733,0.05,,,,
train,1,320.0,320,0.27679258584976196,0.8127256035804749,0.07404472434039804,0.05,,,,
train,1,321.0,321,0.07776009291410446,0.49859175086021423,0.06899493460845232,0.05,,,,
train,1,322.0,322,0.042194269597530365,0.35915619134902954,0.06250984552876224,0.05,,,,
train,1,323.0,323,0.1288515031337738,0.7655453681945801,0.06282970914730705,0.05,,,,
train,1,324.0,324,0.10913632810115814,0.6302377581596375,0.06603796472149036,0.05,,,,
train,1,325.0,325,0.07182925194501877,0.49931225180625916,0.06496804789529123,0.05,,,,
train,1,326.0,326,0.08813606947660446,0.6932998299598694,0.07129409637594619,0.05,,,,
train,1,327.0,327,0.15243470668792725,0.7927706241607666,0.06746923823139117,0.05,,,,
train,1,328.0,328,0.1872628629207611,0.8493114113807678,0.07675994405295651,0.05,,,,
train,1,329.0,329,0.08501527458429337,0.6586416363716125,0.07309738177914207,0.05,,,,
train,1,330.0,330,0.18172074854373932,0.7093448042869568,0.07698601826987876,0.05,,,,
train,1,331.0,331,0.0991121456027031,0.685015082359314,0.07742861330606998,0.05,,,,
train,1,332.0,332,0.16555015742778778,0.9539774060249329,0.08122414492801207,0.05,,,,
train,1,333.0,333,0.05886562541127205,0.404824823141098,0.072951374054556,0.05,,,,
train,1,334.0,334,0.11310585588216782,0.5541964173316956,0.07043891794235262,0.05,,,,
train,1,335.0,335,0.0436602383852005,0.332914263010025,0.06746920053417226,0.05,,,,
train,1,336.0,336,0.17268536984920502,0.7876703143119812,0.07144432732198686,0.05,,,,
train,1,337.0,337,0.0816473439335823,0.6147657632827759,0.06758763275014419,0.05,,,,
train,1,338.0,338,0.20120759308338165,0.8225772380828857,0.07271362301887231,0.05,,,,
train,1,339.0,339,0.20063064992427826,0.8362678289413452,0.07489422017531455,0.05,,,,
train,1,340.0,340,0.15691570937633514,0.7589259147644043,0.07454310350014029,0.05,,,,
train,1,341.0,341,0.16889390349388123,0.7327248454093933,0.07228752740254524,0.05,,,,
train,1,342.0,342,0.07062025368213654,0.7778748273849487,0.07568259849910598,0.05,,,,
train,1,343.0,343,0.14690834283828735,0.865159273147583,0.07996561692168637,0.05,,,,
train,1,344.0,344,0.15281949937343597,0.7920764088630676,0.07991596572071025,0.05,,,,
train,1,345.0,345,0.10782534629106522,0.7094133496284485,0.07782952242379816,0.05,,,,
train,1,346.0,346,0.08398690074682236,0.5525301694869995,0.07752183965071656,0.05,,,,
train,1,347.0,347,0.10691200196743011,0.7482426762580872,0.07320702208415174,0.05,,,,
train,1,348.0,348,0.09922482818365097,0.5244385004043579,0.07451438042701689,0.05,,,,
train,1,349.0,349,0.05555662512779236,0.46772077679634094,0.06946489123174834,0.05,,,,
train,1,350.0,350,0.0971621572971344,0.5613555312156677,0.06999391740154393,0.05,,,,
train,1,351.0,351,0.07894889265298843,0.5145717859268188,0.06502810700522087,0.05,,,,
train,1,352.0,352,0.10193026065826416,0.6446136832237244,0.06380093226373311,0.05,,,,
train,1,353.0,353,0.09703492373228073,0.6881643533706665,0.06491443639266434,0.05,,,,
train,1,354.0,354,0.10391312837600708,0.8192920088768005,0.07251719140165805,0.05,,,,
train,1,355.0,355,0.25916245579719543,0.8456490635871887,0.08255100696172063,0.05,,,,
train,1,356.0,356,0.20584140717983246,0.9110557436943054,0.08962119899296749,0.05,,,,
train,1,357.0,357,0.12732252478599548,0.7214322686195374,0.08874148752245462,0.05,,,,
train,1,358.0,358,0.07555829733610153,0.4966883063316345,0.08441239587784834,0.05,,,,
train,1,359.0,359,0.13784806430339813,0.7238447666168213,0.0842831445275267,0.05,,,,
train,1,360.0,360,0.20563630759716034,1.0678080320358276,0.08322001199841111,0.05,,,,
train,1,361.0,361,0.09585411846637726,0.7015332579612732,0.08322655985855687,0.05,,,,
train,1,362.0,362,0.17351016402244568,0.8386737108230591,0.08629021774274531,0.05,,,,
train,1,363.0,363,0.1019844263792038,0.7228097319602966,0.08137280154251288,0.05,,,,
train,1,364.0,364,0.10023815929889679,0.7104869484901428,0.08244850248379251,0.05,,,,
train,1,365.0,365,0.13991348445415497,0.7100890278816223,0.08043830862444831,0.05,,,,
train,1,366.0,366,0.18598335981369019,0.749919593334198,0.08182992311376547,0.05,,,,
train,1,367.0,367,0.09950152784585953,0.6536464691162109,0.08350527406259067,0.05,,,,
train,1,368.0,368,0.08677667379379272,0.6456435918807983,0.07836450565234536,0.05,,,,
train,1,369.0,369,0.2734104096889496,0.9852436184883118,0.08913083240658802,0.05,,,,
train,1,370.0,370,0.12136981636285782,0.6890473365783691,0.0875612647530739,0.05,,,,
train,1,371.0,371,0.0901012122631073,0.6424442529678345,0.08614147449824267,0.05,,,,
train,1,372.0,372,0.1855921745300293,0.7382111549377441,0.08236210258954389,0.05,,,,
train,1,373.0,373,0.20284739136695862,0.86448734998703,0.08568582857936964,0.05,,,,
train,1,374.0,374,0.10062102973461151,0.6261252760887146,0.08260478255380906,0.05,,,,
train,1,375.0,375,0.16576358675956726,1.1491529941558838,0.09088924737017678,0.05,,,,
train,1,376.0,376,0.16291572153568268,0.8751817345619202,0.0902155816306201,0.05,,,,
train,1,377.0,377,0.10432395339012146,0.8164513111114502,0.09221134400137085,0.05,,,,
train,1,378.0,378,0.13770107924938202,0.6821699738502502,0.08838136761381778,0.05,,,,
train,1,379.0,379,0.10228214412927628,0.6709499955177307,0.08841117194800024,0.05,,,,
train,1,380.0,380,0.13295452296733856,0.8440642952919006,0.08768689773662307,0.05,,,,
train,1,381.0,381,0.18635505437850952,0.711263120174408,0.08714835690310675,0.05,,,,
train,1,382.0,382,0.09607540816068649,0.5839637517929077,0.08149426347500419,0.05,,,,
train,1,383.0,383,0.09118614345788956,0.6005545258522034,0.07933356166123964,0.05,,,,
train,1,384.0,384,0.17335329949855804,0.7931454181671143,0.07960965428095022,0.05,,,,
train,1,385.0,385,0.12064234167337418,0.7140923142433167,0.08128621771055061,0.05,,,,
train,1,386.0,386,0.2277732640504837,0.8565263152122498,0.0801331013965322,0.05,,,,
train,1,387.0,387,0.23150622844696045,0.8947033286094666,0.08226924502063149,0.05,,,,
train,1,388.0,388,0.09276791661977768,0.5643526911735535,0.07757118274975242,0.05,,,,
train,1,389.0,389,0.15798255801200867,0.8446623682975769,0.08125716313741839,0.05,,,,
train,1,390.0,390,0.1073594018816948,0.6005165576934814,0.07989674946732651,0.05,,,,
train,1,391.0,391,0.08820813149213791,0.6614625453948975,0.08404850460892731,0.05,,,,
train,1,392.0,392,0.10143394768238068,0.5724807977676392,0.08045055438247387,0.05,,,,
train,1,393.0,393,0.09921492636203766,0.63639235496521,0.08305257813358863,0.05,,,,
train,1,394.0,394,0.16497917473316193,0.7101559638977051,0.08373039842817732,0.05,,,,
train,1,395.0,395,0.07186397165060043,0.6228118538856506,0.0804605404318331,0.05,,,,
train,1,396.0,396,0.07068698853254318,0.5216268301010132,0.07642371991951113,0.05,,,,
train,1,397.0,397,0.20786768198013306,0.906801700592041,0.0730800900620404,0.05,,,,
train,1,398.0,398,0.1500590443611145,0.7889605760574341,0.07409705390638796,0.05,,,,
train,1,399.0,399,0.1636645346879959,0.6696839332580566,0.07460468411071297,0.05,,,,
train,1,400.0,400,0.1308845728635788,0.7362293004989624,0.07572463634200914,0.05,,,,
train,1,401.0,401,0.1726999431848526,0.8208658695220947,0.07891591237205561,0.05,,,,
train,1,402.0,402,0.07687456905841827,0.6625217795372009,0.07931038363562333,0.05,,,,
train,1,403.0,403,0.11689721792936325,0.5866513252258301,0.07708713967641655,0.05,,,,
train,1,404.0,404,0.08763564378023148,0.5572620630264282,0.07548239111250844,0.05,,,,
train,1,405.0,405,0.12704269587993622,0.6531845927238464,0.07398889390626949,0.05,,,,
train,1,406.0,406,0.10851090401411057,0.7220170497894287,0.07439822471040228,0.05,,,,
train,1,407.0,407,0.08658578246831894,0.5021956562995911,0.07143657000248442,0.05,,,,
train,1,408.0,408,0.043844547122716904,0.4021637737751007,0.06929560728335293,0.05,,,,
train,1,409.0,409,0.06213059276342392,0.44472989439964294,0.06403502893619428,0.05,,,,
train,1,410.0,410,0.06396365165710449,0.524432897567749,0.06011639709412167,0.05,,,,
train,1,411.0,411,0.04874176159501076,0.39595186710357666,0.05666135582274993,0.05,,,,
train,1,412.0,412,0.08068615943193436,0.5002596378326416,0.05787857725147225,0.05,,,,
train,1,413.0,413,0.11180756986141205,0.5750492215156555,0.05998792107542304,0.05,,,,
train,1,414.0,414,0.0458865687251091,0.4474869668483734,0.055847670063358626,0.05,,,,
train,1,415.0,415,0.06463002413511276,0.617949366569519,0.05983782650918231,0.05,,,,
train,1,416.0,416,0.1543365716934204,0.6792986989021301,0.06427122035833817,0.05,,,,
train,1,417.0,417,0.08988391607999802,0.615382730960846,0.06664166559460731,0.05,,,,
train,1,418.0,418,0.18302538990974426,0.7965410351753235,0.06998629119132863,0.05,,,,
train,1,419.0,419,0.04342108219861984,0.4607210159301758,0.06592851275137132,0.05,,,,
train,1,420.0,420,0.13575570285320282,0.6920345425605774,0.06721873479169072,0.05,,,,
train,1,421.0,421,0.18528231978416443,0.7657328844070435,0.07310388388523638,0.05,,,,
train,1,422.0,422,0.11966536194086075,0.7593060731887817,0.07469697004256412,0.05,,,,
train,1,423.0,423,0.19513899087905884,0.8035351634025574,0.07519225444921501,0.05,,,,
train,1,424.0,424,0.09820391237735748,0.6606963276863098,0.07334659977014997,0.05,,,,
train,1,425.0,425,0.20035424828529358,0.902467668056488,0.07964364362568778,0.05,,,,
train,1,426.0,426,0.18794193863868713,0.7735504508018494,0.08500903761681548,0.05,,,,
train,1,427.0,427,0.07594286650419235,0.6120749115943909,0.08014421389084674,0.05,,,,
train,1,428.0,428,0.19547626376152039,1.012017846107483,0.09477317889933293,0.05,,,,
train,1,429.0,429,0.08456654101610184,0.5300859808921814,0.0874643540949855,0.05,,,,
train,1,430.0,430,0.09459004551172256,0.7130655646324158,0.08215459007867937,0.05,,,,
train,1,431.0,431,0.14306531846523285,0.7890035510063171,0.08282730316925464,0.05,,,,
train,1,432.0,432,0.05384490638971329,0.5253574252128601,0.07511519479761218,0.05,,,,
train,1,433.0,433,0.10732121020555496,0.8309497237205505,0.07441692734837452,0.05,,,,
train,1,434.0,434,0.18082404136657715,0.8998496532440186,0.07896391210139371,0.05,,,,
train,1,435.0,435,0.09320827573537827,0.6845486164093018,0.08040061756995744,0.05,,,,
train,1,436.0,436,0.04347483441233635,0.44100460410118103,0.07555277599769797,0.05,,,,
train,1,437.0,437,0.13322468101978302,0.824569821357727,0.0737658036138905,0.05,,,,
train,1,438.0,438,0.0942704901099205,0.8230360746383667,0.07840846832563404,0.05,,,,
train,1,439.0,439,0.07868589460849762,0.5323353409767151,0.07712347192298594,0.05,,,,
train,1,440.0,440,0.10663192719221115,0.6451548337936401,0.07815499200059096,0.05,,,,
train,1,441.0,441,0.11257033050060272,0.6695035696029663,0.07877907404495638,0.05,,,,
train,1,442.0,442,0.1124739870429039,0.5334898829460144,0.07566253843661797,0.05,,,,
train,1,443.0,443,0.08046398311853409,0.616326630115509,0.07312902212896054,0.05,,,,
train,1,444.0,444,0.10558460652828217,0.7937912940979004,0.07785413269491849,0.05,,,,
train,1,445.0,445,0.14227062463760376,0.7284796237945557,0.07811627800318297,0.05,,,,
train,1,446.0,446,0.09152211993932724,0.8029677271842957,0.08635107639792433,0.05,,,,
train,1,447.0,447,0.04166141897439957,0.39699047803878784,0.07971925278617123,0.05,,,,
train,1,448.0,448,0.08264697343111038,0.6129599809646606,0.0772150500713417,0.05,,,,
train,1,449.0,449,0.13047932088375092,0.8391384482383728,0.08453879246314644,0.05,,,,
train,1,450.0,450,0.23106426000595093,1.0278984308242798,0.08619865932109712,0.05,,,,
train,1,451.0,451,0.13100530207157135,0.8560128211975098,0.08256321218192991,0.05,,,,
train,1,452.0,452,0.1761482059955597,0.9775800704956055,0.08849496684603278,0.05,,,,
train,1,453.0,453,0.058600395917892456,0.5138325095176697,0.08018800604717959,0.05,,,,
train,1,454.0,454,0.06778071820735931,0.4999242126941681,0.0747830158671197,0.05,,,,
train,1,455.0,455,0.16228941082954407,0.7180190086364746,0.07358896686360197,0.05,,,,
train,1,456.0,456,0.13889765739440918,0.7412863969802856,0.076102644038662,0.05,,,,
train,1,457.0,457,0.13938072323799133,0.8049059510231018,0.07936975045376667,0.05,,,,
train,1,458.0,458,0.04582362249493599,0.4059251546859741,0.07600510095402987,0.05,,,,
train,1,459.0,459,0.10704514384269714,0.8451178669929504,0.07374669421511253,0.05,,,,
train,1,460.0,460,0.21311312913894653,0.7920179963111877,0.07964247372257001,0.05,,,,
train,1,461.0,461,0.12091608345508575,0.6624518632888794,0.07588278617884944,0.05,,,,
train,1,462.0,462,0.059010088443756104,0.5376051664352417,0.07198860785829805,0.05,,,,
train,1,463.0,463,0.09313658624887466,0.641791582107544,0.07108440739978994,0.05,,,,
train,1,464.0,464,0.18523868918418884,0.9171468019485474,0.07800265727735746,0.05,,,,
train,1,465.0,465,0.05448940768837929,0.5756155252456665,0.07361689372354759,0.05,,,,
train,1,466.0,466,0.19029681384563446,0.9693842530250549,0.07908475812658074,0.05,,,,
train,1,467.0,467,0.09181766211986542,0.6448350548744202,0.07879898409492497,0.05,,,,
train,1,468.0,468,0.23797118663787842,0.9716711640357971,0.08807792122511246,0.05,,,,
train,1,469.0,469,0.06442578881978989,0.5731797814369202,0.08520503390718033,0.05,,,,
layer_grad,1,,469,,,,,fc1.weight,0.5314805507659912,,
layer_grad,1,,469,,,,,fc1.bias,0.016446704044938087,,
layer_grad,1,,469,,,,,fc2.weight,0.21348312497138977,,
layer_grad,1,,469,,,,,fc2.bias,0.014766469597816467,,
eval,1,,469,,,,,,,0.1042058034569025,0.9678
train,2,1.0,470,0.0872262567281723,0.5825124979019165,0.08089579992209725,0.05,,,,
train,2,2.0,471,0.10343991965055466,0.8412164449691772,0.07736767104797038,0.05,,,,
train,2,3.0,472,0.03866133838891983,0.3475439250469208,0.0714637430288177,0.05,,,,
train,2,4.0,473,0.08111835271120071,0.76922208070755,0.06515681481888101,0.05,,,,
train,2,5.0,474,0.1020001769065857,0.6516734957695007,0.06578989749007218,0.05,,,,
train,2,6.0,475,0.0569196417927742,0.42740553617477417,0.06458383156351527,0.05,,,,
train,2,7.0,476,0.16225284337997437,0.9697503447532654,0.07728555532840328,0.05,,,,
train,2,8.0,477,0.09969846904277802,0.559756338596344,0.07626279309074244,0.05,,,,
train,2,9.0,478,0.07196233421564102,0.5592870712280273,0.07391006964956867,0.05,,,,
train,2,10.0,479,0.19760435819625854,0.9079510569572449,0.08401136816036382,0.05,,,,
train,2,11.0,480,0.13688887655735016,0.6481170058250427,0.08406097992431659,0.05,,,,
train,2,12.0,481,0.07768576592206955,0.48899200558662415,0.07989187813623443,0.05,,,,
train,2,13.0,482,0.07042310386896133,0.6086625456809998,0.07321664209163449,0.05,,,,
train,2,14.0,483,0.060811858624219894,0.6038883328437805,0.06972310720789575,0.05,,,,
train,2,15.0,484,0.10877513140439987,0.9277020692825317,0.07878400893556917,0.05,,,,
train,2,16.0,485,0.04036423936486244,0.4589185416698456,0.07962432164300555,0.05,,,,
train,2,17.0,486,0.09196319431066513,0.6617128849029541,0.0753771423883946,0.05,,,,
train,2,18.0,487,0.05232919007539749,0.43214812874794006,0.07248729820154942,0.05,,,,
train,2,19.0,488,0.02268369309604168,0.26366862654685974,0.0648076286360533,0.05,,,,
train,2,20.0,489,0.06684459000825882,0.4670056700706482,0.06460102660813474,0.05,,,,
train,2,21.0,490,0.06303927302360535,0.5618008375167847,0.060461824704446915,0.05,,,,
train,2,22.0,491,0.1313452273607254,0.7354587316513062,0.05874452583599948,0.05,,,,
train,2,23.0,492,0.03768840432167053,0.3636816442012787,0.054350791807480474,0.05,,,,
train,2,24.0,493,0.12513528764247894,0.7450551390647888,0.06150145538203838,0.05,,,,
train,2,25.0,494,0.08834870159626007,0.5702556371688843,0.06012355753333145,0.05,,,,
train,2,26.0,495,0.09338048845529556,0.6734651923179626,0.06514249318522121,0.05,,,,
train,2,27.0,496,0.07398457080125809,0.5907475352287292,0.07031410968856691,0.05,,,,
train,2,28.0,497,0.05136323720216751,0.41375231742858887,0.06717960460132746,0.05,,,,
train,2,29.0,498,0.0615520179271698,0.4175378382205963,0.06418558102681207,0.05,,,,
train,2,30.0,499,0.05142543092370033,0.4930342435836792,0.06441823921825915,0.05,,,,
train,2,31.0,500,0.08953884989023209,0.6298630833625793,0.06430417394008117,0.05,,,,
train,2,32.0,501,0.08373390138149261,0.5929146409034729,0.06544534566606323,0.05,,,,
train,2,33.0,502,0.08109409362077713,0.5194425582885742,0.060310775172129114,0.05,,,,
train,2,34.0,503,0.07845469564199448,0.6719683408737183,0.05588697830123632,0.05,,,,
train,2,35.0,504,0.06910385936498642,0.694844126701355,0.0578304660223522,0.05,,,,
train,2,36.0,505,0.04644504562020302,0.4239078760147095,0.05899295316462123,0.05,,,,
train,2,37.0,506,0.10452892631292343,0.5930166244506836,0.06297399381273637,0.05,,,,
train,2,38.0,507,0.08036002516746521,0.6103880405426025,0.06534673002662722,0.05,,,,
train,2,39.0,508,0.15223413705825806,0.8146372437477112,0.0669751096870205,0.05,,,,
train,2,40.0,509,0.030887188389897346,0.3351173400878906,0.062222782340083785,0.05,,,,
train,2,41.0,510,0.05240006372332573,0.4408440589904785,0.05757694927616114,0.05,,,,
train,2,42.0,511,0.08063920587301254,0.5835983157157898,0.05684593583667928,0.05,,,,
train,2,43.0,512,0.1020083799958229,0.6458736658096313,0.06033438933741058,0.05,,,,
train,2,44.0,513,0.07264572381973267,0.47712215781211853,0.060112216988089766,0.05,,,,
train,2,45.0,514,0.14496013522148132,0.8380491733551025,0.06859954034667393,0.05,,,,
train,2,46.0,515,0.049853429198265076,0.383147656917572,0.06422808823005915,0.05,,,,
train,2,47.0,516,0.06561846286058426,0.5822561979293823,0.06366688368641768,0.05,,,,
train,2,48.0,517,0.08243999630212784,0.6981810927391052,0.06650527653578035,0.05,,,,
train,2,49.0,518,0.05918906629085541,0.5268334746360779,0.06565150248250773,0.05,,,,
train,2,50.0,519,0.049508001655340195,0.514099657535553,0.06539764430296288,0.05,,,,
train,2,51.0,520,0.08334039151668549,0.525877833366394,0.06282101852155661,0.05,,,,
train,2,52.0,521,0.09519799798727036,0.8065969347953796,0.07003445293436371,0.05,,,,
train,2,53.0,522,0.11373905092477798,0.9478368163108826,0.07465260946126247,0.05,,,,
train,2,54.0,523,0.0652373805642128,0.4569481611251831,0.07288896559518242,0.05,,,,
train,2,55.0,524,0.10702107101678848,0.7178806662559509,0.07318570752672716,0.05,,,,
train,2,56.0,525,0.1038207933306694,0.721460223197937,0.07123906486049232,0.05,,,,
train,2,57.0,526,0.14659631252288818,0.8248103260993958,0.07622200163182768,0.05,,,,
train,2,58.0,527,0.04227415844798088,0.47408804297447205,0.07158637357884476,0.05,,,,
train,2,59.0,528,0.10387957096099854,0.6497834920883179,0.07253454060616782,0.05,,,,
train,2,60.0,529,0.11754374206066132,0.717414140701294,0.07537058994309226,0.05,,,,
train,2,61.0,530,0.10638152807950974,0.6658463478088379,0.08054404034638998,0.05,,,,
train,2,62.0,531,0.054037582129240036,0.5439879894256592,0.07889108023833624,0.05,,,,
train,2,63.0,532,0.033562418073415756,0.4283582270145416,0.0717724326293533,0.05,,,,
train,2,64.0,533,0.14415639638900757,0.656781792640686,0.07366140215537806,0.05,,,,
train,2,65.0,534,0.16235175728797913,0.7971493005752563,0.07249931894523018,0.05,,,,
train,2,66.0,535,0.1119699701666832,0.872058093547821,0.07763006872243548,0.05,,,,
train,2,67.0,536,0.1626465916633606,0.839725136756897,0.08145399611165896,0.05,,,,
train,2,68.0,537,0.184158056974411,0.7440681457519531,0.08704155623254241,0.05,,,,
train,2,69.0,538,0.02417612448334694,0.2808119058609009,0.08057278334183353,0.05,,,,
train,2,70.0,539,0.11815297603607178,0.7654726505279541,0.07638935281988228,0.05,,,,
train,2,71.0,540,0.09085645526647568,0.7379322052001953,0.07379070473317378,0.05,,,,
train,2,72.0,541,0.07405781000852585,0.759178876876831,0.07431575869675694,0.05,,,,
train,2,73.0,542,0.13042354583740234,0.7768421769142151,0.07849158537463075,0.05,,,,
train,2,74.0,543,0.056693512946367264,0.42328760027885437,0.07287177428892466,0.05,,,,
train,2,75.0,544,0.0354345478117466,0.31984519958496094,0.06703559310553482,0.05,,,,
train,2,76.0,545,0.10847049206495285,0.7334582805633545,0.07185789612416743,0.05,,,,
train,2,77.0,546,0.100948765873909,0.676653265953064,0.07314241058432662,0.05,,,,
train,2,78.0,547,0.05040307715535164,0.4384152591228485,0.0688637121359618,0.05,,,,
train,2,79.0,548,0.1204269528388977,0.6596105694770813,0.06493923265203586,0.05,,,,
train,2,80.0,549,0.13021019101142883,0.9544939994812012,0.07429228948086337,0.05,,,,
train,2,81.0,550,0.1398305892944336,0.8853181004524231,0.0702653072963344,0.05,,,,
train,2,82.0,551,0.07321887463331223,0.4941380023956299,0.06646824729701326,0.05,,,,
train,2,83.0,552,0.06508848071098328,0.6883159875869751,0.06688643159104903,0.05,,,,
train,2,84.0,553,0.04742901399731636,0.5100386738777161,0.06616766247585222,0.05,,,,
train,2,85.0,554,0.07512110471725464,0.49976882338523865,0.06393374984108455,0.05,,,,
train,2,86.0,555,0.14293815195560455,0.6355135440826416,0.06345383073092725,0.05,,,,
train,2,87.0,556,0.053384870290756226,0.45851078629493713,0.05922763729139192,0.05,,,,
train,2,88.0,557,0.028595812618732452,0.3305037021636963,0.0547744653983058,0.05,,,,
train,2,89.0,558,0.07077419757843018,0.5594592094421387,0.059578990885827285,0.05,,,,
train,2,90.0,559,0.10188187658786774,0.4757895767688751,0.055010233816900414,0.05,,,,
train,2,91.0,560,0.06865157186985016,0.5107347369194031,0.0535204423340518,0.05,,,,
train,2,92.0,561,0.045977283269166946,0.43721556663513184,0.054128592608000674,0.05,,,,
train,2,93.0,562,0.1342901736497879,0.676938533782959,0.05830408626509332,0.05,,,,
train,2,94.0,563,0.23048606514930725,0.8393927216529846,0.06733116544913395,0.05,,,,
train,2,95.0,564,0.05798203498125076,0.4508916437625885,0.06666345764027827,0.05,,,,
train,2,96.0,565,0.05465555191040039,0.4724673330783844,0.06516951196492411,0.05,,,,
train,2,97.0,566,0.08330473303794861,0.7350668907165527,0.06335340236382973,0.05,,,,
train,2,98.0,567,0.08308559656143188,0.4824293553829193,0.060306676738198985,0.05,,,,
train,2,99.0,568,0.10462578386068344,0.5383414030075073,0.05857006698633599,0.05,,,,
train,2,100.0,569,0.15054760873317719,0.8540630340576172,0.06515985055670771,0.05,,,,
train,2,101.0,570,0.0990123376250267,0.5398444533348083,0.06754629210126248,0.05,,,,
train,2,102.0,571,0.08121326565742493,0.4323979318141937,0.0655625539957977,0.05,,,,
train,2,103.0,572,0.06029616296291351,0.47672298550605774,0.06300596351709209,0.05,,,,
train,2,104.0,573,0.07484620064496994,0.6453815698623657,0.06333616487670873,0.05,,,,
train,2,105.0,574,0.0729919821023941,0.6120611429214478,0.06716252818528935,0.05,,,,
train,2,106.0,575,0.15245038270950317,0.8431654572486877,0.07615421982408327,0.05,,,,
train,2,107.0,576,0.0712638720870018,0.5558465123176575,0.07384243069757211,0.05,,,,
train,2,108.0,577,0.10926033556461334,0.7381146550178528,0.07027267067241659,0.05,,,,
train,2,109.0,578,0.05958733707666397,0.528862714767456,0.06620959419545566,0.05,,,,
train,2,110.0,579,0.06692365556955338,0.6094366312026978,0.06389573947111099,0.05,,,,
train,2,111.0,580,0.039247579872608185,0.4368489980697632,0.06119403361238237,0.05,,,,
train,2,112.0,581,0.06675761193037033,0.5048306584358215,0.05959702118852538,0.05,,,,
train,2,113.0,582,0.05209539085626602,0.5475725531578064,0.060129167696108016,0.05,,,,
train,2,114.0,583,0.028560223057866096,0.4583592414855957,0.059876107286678595,0.05,,,,
train,2,115.0,584,0.04152059555053711,0.37060773372650146,0.057262239584700995,0.05,,,,
train,2,116.0,585,0.030473683029413223,0.31860053539276123,0.05423292443721866,0.05,,,,
train,2,117.0,586,0.04792951047420502,0.4267010986804962,0.05312653514187503,0.05,,,,
train,2,118.0,587,0.08947053551673889,0.6617603302001953,0.05691608670361992,0.05,,,,
train,2,119.0,588,0.1253245621919632,0.6060841083526611,0.058056887152846605,0.05,,,,
train,2,120.0,589,0.09052880853414536,0.6649118661880493,0.06193722321547107,0.05,,,,
train,2,121.0,590,0.10130549222230911,0.5681502223014832,0.06148970492154728,0.05,,,,
train,2,122.0,591,0.09120266139507294,0.5553576350212097,0.06110577227473322,0.05,,,,
train,2,123.0,592,0.11590169370174408,0.593737006187439,0.06259064253090219,0.05,,,,
train,2,124.0,593,0.03667943552136421,0.38382142782211304,0.05714079466506051,0.05,,,,
train,2,125.0,594,0.07361211627721786,0.5812990665435791,0.05687263761086841,0.05,,,,
train,2,126.0,595,0.06047111004590988,0.4802684485912323,0.054721787484632,0.05,,,,
train,2,127.0,596,0.0798754096031189,0.6565015912055969,0.05889100796678873,0.05,,,,
train,2,128.0,597,0.05066163092851639,0.5416806936264038,0.06149346903830593,0.05,,,,
train,2,129.0,598,0.09565159678459167,0.7186794877052307,0.06677382140714885,0.05,,,,
train,2,130.0,599,0.13181883096694946,0.7988197803497314,0.07398438112042403,0.05,,,,
train,2,131.0,600,0.11234935373067856,0.8712168335914612,0.07635331944617706,0.05,,,,
train,2,132.0,601,0.05783155560493469,0.5382148027420044,0.07508645095032072,0.05,,,,
train,2,133.0,602,0.10084797441959381,0.664985716342926,0.07287530641588617,0.05,,,,
train,2,134.0,603,0.037183888256549835,0.310660183429718,0.06678000330837602,0.05,,,,
train,2,135.0,604,0.078925222158432,0.6446917653083801,0.07017771973157458,0.05,,,,
train,2,136.0,605,0.11532647907733917,0.8028060793876648,0.07723508909814776,0.05,,,,
train,2,137.0,606,0.09517441689968109,0.6366707682609558,0.07565652704641883,0.05,,,,
train,2,138.0,607,0.08265132457017899,0.6057896018028259,0.07022024080876922,0.05,,,,
train,2,139.0,608,0.053512319922447205,0.3367159962654114,0.06635143146225844,0.05,,,,
train,2,140.0,609,0.15603722631931305,0.801488995552063,0.06844584503396109,0.05,,,,
train,2,141.0,610,0.09966497123241425,0.7495750784873962,0.07377002637092182,0.05,,,,
train,2,142.0,611,0.04766650125384331,0.49934032559394836,0.07338386116693191,0.05,,,,
train,2,143.0,612,0.1299060583114624,0.680530309677124,0.0688534465178296,0.05,,,,
train,2,144.0,613,0.08908563107252121,0.6489673256874084,0.06716836224232753,0.05,,,,
train,2,145.0,614,0.03514869511127472,0.4163602590560913,0.06240100403603848,0.05,,,,
train,2,146.0,615,0.25068533420562744,0.9224385023117065,0.07379715557762515,0.05,,,,
train,2,147.0,616,0.056339163333177567,0.5177160501480103,0.07047111145500898,0.05,,,,
train,2,148.0,617,0.07588959485292435,0.6165837645530701,0.0679675946473273,0.05,,,,
train,2,149.0,618,0.1022973582148552,0.8330845236778259,0.07630403705252528,0.05,,,,
train,2,150.0,619,0.059308119118213654,0.6341351866722107,0.0781690343575311,0.05,,,,
train,2,151.0,620,0.04431017115712166,0.4889713227748871,0.07691095683209911,0.05,,,,
train,2,152.0,621,0.03298811987042427,0.3454548716545105,0.07332162050852123,0.05,,,,
train,2,153.0,622,0.04122798144817352,0.3699020445346832,0.06681182861669534,0.05,,,,
train,2,154.0,623,0.08937045931816101,0.7581394910812378,0.06693346761775866,0.05,,,,
train,2,155.0,624,0.06487943232059479,0.6844329833984375,0.07165669880379757,0.05,,,,
train,2,156.0,625,0.06343916803598404,0.6708570122718811,0.07286593715587308,0.05,,,,
train,2,157.0,626,0.09516743570566177,0.5697914958000183,0.0713877622354265,0.05,,,,
train,2,158.0,627,0.05722678825259209,0.532268762588501,0.0653318961324953,0.05,,,,
train,2,159.0,628,0.12538312375545502,0.9276079535484314,0.0728494847867104,0.05,,,,
train,2,160.0,629,0.13523350656032562,0.782515287399292,0.07864678606390041,0.05,,,,
train,2,161.0,630,0.10292424261569977,0.6904615759849548,0.08020409871220077,0.05,,,,
train,2,162.0,631,0.03152371570467949,0.36834797263145447,0.07772754960254724,0.05,,,,
train,2,163.0,632,0.08859345316886902,0.7987344264984131,0.0723711129501718,0.05,,,,
train,2,164.0,633,0.06473736464977264,0.5504786968231201,0.06771476072600953,0.05,,,,
train,2,165.0,634,0.05180548503994942,0.5005937814712524,0.06389688309950771,0.05,,,,
train,2,166.0,635,0.04444155469536781,0.42850998044013977,0.06279997383328093,0.05,,,,
train,2,167.0,636,0.11166859418153763,0.7751790285110474,0.06460073393363049,0.05,,,,
train,2,168.0,637,0.04814236983656883,0.5389657020568848,0.06647378806612511,0.05,,,,
train,2,169.0,638,0.15072157979011536,0.953421413898468,0.07414206298376827,0.05,,,,
train,2,170.0,639,0.03167492523789406,0.31699612736701965,0.06876742670845078,0.05,,,,
train,2,171.0,640,0.07939482480287552,0.7426562309265137,0.06860506883472703,0.05,,,,
train,2,172.0,641,0.08047889918088913,0.6439163088798523,0.06821333596200169,0.05,,,,
train,2,173.0,642,0.0728825181722641,0.7209146618843079,0.07353481013644637,0.05,,,,
train,2,174.0,643,0.07211635261774063,0.6772279739379883,0.07159938006749104,0.05,,,,
train,2,175.0,644,0.1358330100774765,0.6578808426856995,0.07015035349112948,0.05,,,,
train,2,176.0,645,0.11428999155759811,0.5310243964195251,0.066125872004912,0.05,,,,
train,2,177.0,646,0.08152186125516891,0.7237436175346375,0.07241277120973773,0.05,,,,
train,2,178.0,647,0.10070071369409561,0.726835310459137,0.0738271115954508,0.05,,,,
train,2,179.0,648,0.05028088018298149,0.478821337223053,0.06751980585651922,0.05,,,,
train,2,180.0,649,0.18256288766860962,0.7534644603729248,0.07099852726385295,0.05,,,,
train,2,181.0,650,0.0825028195977211,0.7409423589706421,0.07046790700776408,0.05,,,,
train,2,182.0,651,0.09285035729408264,0.7385449409484863,0.07283658746203356,0.05,,,,
train,2,183.0,652,0.062385354191064835,0.5073880553245544,0.06971920125077968,0.05,,,,
train,2,184.0,653,0.09608905017375946,0.6663388609886169,0.07297757513056831,0.05,,,,
train,2,185.0,654,0.11563142389059067,0.6616538166999817,0.0766660461184903,0.05,,,,
train,2,186.0,655,0.06931768357753754,0.5973668694496155,0.072401056697243,0.05,,,,
train,2,187.0,656,0.09045377373695374,0.6000608801841736,0.07325950442368177,0.05,,,,
train,2,188.0,657,0.05543295666575432,0.6142627596855164,0.07345030322225898,0.05,,,,
train,2,189.0,658,0.13384462893009186,0.6995617151260376,0.0769325168973769,0.05,,,,
train,2,190.0,659,0.04843839257955551,0.45480605959892273,0.07303247674378584,0.05,,,,
train,2,191.0,660,0.10532761365175247,0.6881085634231567,0.071466723362535,0.05,,,,
train,2,192.0,661,0.1025843545794487,0.6984662413597107,0.0770797170672629,0.05,,,,
train,2,193.0,662,0.07640581578016281,0.5946557521820068,0.07466723420863286,0.05,,,,
train,2,194.0,663,0.07166919857263565,0.463351309299469,0.06891671952652557,0.05,,,,
train,2,195.0,664,0.04898937791585922,0.5484932661056519,0.06432533960151493,0.05,,,,
train,2,196.0,665,0.05688832327723503,0.4569977819919586,0.06163262045020952,0.05,,,,
train,2,197.0,666,0.30528104305267334,1.0665860176086426,0.07137885894942378,0.05,,,,
train,2,198.0,667,0.10333065688610077,0.8565686345100403,0.07542109708875032,0.05,,,,
train,2,199.0,668,0.06010998785495758,0.5369889736175537,0.07179453715878262,0.05,,,,
train,2,200.0,669,0.09730955958366394,0.6085913777351379,0.07310173772822735,0.05,,,,
train,2,201.0,670,0.07241993397474289,0.6952312588691711,0.07459592227888096,0.05,,,,
train,2,202.0,671,0.10987027734518051,0.6733843684196472,0.07160739888511213,0.05,,,,
train,2,203.0,672,0.09965387731790543,0.7177436351776123,0.07034219559165443,0.05,,,,
train,2,204.0,673,0.09754396975040436,0.858654260635376,0.07266426115839313,0.05,,,,
train,2,205.0,674,0.07219233363866806,0.5787365436553955,0.0745407446155777,0.05,,,,
train,2,206.0,675,0.08243165165185928,0.44046664237976074,0.0719158943981023,0.05,,,,
train,2,207.0,676,0.09015882015228271,0.6693751215934753,0.07464754950841072,0.05,,,,
train,2,208.0,677,0.10526158660650253,0.7087348103523254,0.07216877406725743,0.05,,,,
train,2,209.0,678,0.06848014146089554,0.5180004239082336,0.06801757175476666,0.05,,,,
train,2,210.0,679,0.10562868416309357,0.782175600528717,0.06845084370187227,0.05,,,,
train,2,211.0,680,0.03973647952079773,0.4290373921394348,0.0661539665285583,0.05,,,,
train,2,212.0,681,0.12941190600395203,0.7195599675178528,0.071704679111196,0.05,,,,
train,2,213.0,682,0.0530669130384922,0.5390710830688477,0.06612422370942915,0.05,,,,
train,2,214.0,683,0.07236909121274948,0.5786312222480774,0.06500082582571252,0.05,,,,
train,2,215.0,684,0.051725972443819046,0.46525371074676514,0.06004893178072233,0.05,,,,
train,2,216.0,685,0.16675643622875214,0.9305823445320129,0.06854875550434054,0.05,,,,
train,2,217.0,686,0.190794438123703,1.044792652130127,0.08195544761674717,0.05,,,,
train,2,218.0,687,0.08459413796663284,0.6619167923927307,0.07914427142368054,0.05,,,,
train,2,219.0,688,0.16060689091682434,0.9519830942153931,0.08862446052929338,0.05,,,,
train,2,220.0,689,0.0422908179461956,0.39613077044487,0.0812787882135609,0.05,,,,
train,2,221.0,690,0.09271486848592758,0.6371569633483887,0.08112273067852832,0.05,,,,
train,2,222.0,691,0.07638069242238998,0.5556345582008362,0.08068953821816399,0.05,,,,
train,2,223.0,692,0.0694895014166832,0.7068074345588684,0.07602896790780181,0.05,,,,
train,2,224.0,693,0.0896572694182396,0.6645556688308716,0.07522993337272324,0.05,,,,
train,2,225.0,694,0.06230597198009491,0.63314288854599,0.07368770298845198,0.05,,,,
train,2,226.0,695,0.04233420640230179,0.3908768594264984,0.06723477215570414,0.05,,,,
train,2,227.0,696,0.062180668115615845,0.6126669049263,0.06717528279876764,0.05,,,,
train,2,228.0,697,0.06355741620063782,0.563620388507843,0.06521881672040755,0.05,,,,
train,2,229.0,698,0.0699106976389885,0.6386563181877136,0.06664782881439309,0.05,,,,
train,2,230.0,699,0.13208556175231934,0.7054646611213684,0.07227428172264365,0.05,,,,
train,2,231.0,700,0.02857508882880211,0.4558105766773224,0.06677902318722204,0.05,,,,
train,2,232.0,701,0.09706828743219376,0.7472648024559021,0.06977227239388588,0.05,,,,
train,2,233.0,702,0.15699532628059387,0.6606394052505493,0.06733918451135867,0.05,,,,
train,2,234.0,703,0.07198604196310043,0.5766833424568176,0.06742682290640374,0.05,,,,
train,2,235.0,704,0.16700471937656403,0.7829867005348206,0.07250841393879374,0.05,,,,
train,2,236.0,705,0.037190381437540054,0.3922463655471802,0.06613725941558832,0.05,,,,
train,2,237.0,706,0.12601789832115173,1.057041883468628,0.07506174258039446,0.05,,,,
train,2,238.0,707,0.05786777660250664,0.466912180185318,0.07050154429571319,0.05,,,,
train,2,239.0,708,0.07069314271211624,0.6656242609024048,0.07169210025692416,0.05,,,,
train,2,240.0,709,0.08102893829345703,0.7191352248191833,0.07332526793254428,0.05,,,,
train,2,241.0,710,0.07198864966630936,0.604710042476654,0.07661941807842854,0.05,,,,
train,2,242.0,711,0.07972320169210434,0.6105223894119263,0.07567797337609411,0.05,,,,
train,2,243.0,712,0.044129952788352966,0.42560747265815735,0.0719290670741028,0.05,,,,
train,2,244.0,713,0.043391548097133636,0.479152113199234,0.06888108018647078,0.05,,,,
train,2,245.0,714,0.07191327959299088,0.6517228484153748,0.06987750384458503,0.05,,,,
train,2,246.0,715,0.18648533523082733,1.0017122030258179,0.08056128988108982,0.05,,,,
train,2,247.0,716,0.031181754544377327,0.342671662569046,0.07357318526465198,0.05,,,,
train,2,248.0,717,0.0828099399805069,0.6507079601287842,0.07075346843011937,0.05,,,,
train,2,249.0,718,0.07400001585483551,0.5648909211158752,0.06840404766686752,0.05,,,,
train,2,250.0,719,0.059942226856946945,0.5683514475822449,0.06738891149601534,0.05,,,,
train,2,251.0,720,0.0916699692606926,0.5201184749603271,0.06552829855056186,0.05,,,,
train,2,252.0,721,0.08989004790782928,0.7723623514175415,0.07070945028340042,0.05,,,,
train,2,253.0,722,0.07660306245088577,0.5155532956123352,0.06916323897604187,0.05,,,,
train,2,254.0,723,0.05341474339365959,0.4846242666244507,0.06813464107053385,0.05,,,,
train,2,255.0,724,0.12497367709875107,0.79975426197052,0.07611252243899988,0.05,,,,
train,2,256.0,725,0.09525224566459656,0.726507842540741,0.07601644017157282,0.05,,,,
train,2,257.0,726,0.13166765868663788,0.5658057928085327,0.07190825203460463,0.05,,,,
train,2,258.0,727,0.1003638431429863,0.6139918565750122,0.07158402019869271,0.05,,,,
train,2,259.0,728,0.10446979105472565,0.6908785104751587,0.07119280036070655,0.05,,,,
train,2,260.0,729,0.10392738878726959,0.6621959805488586,0.07260163505063912,0.05,,,,
train,2,261.0,730,0.06096011400222778,0.5768901109695435,0.07050581806229927,0.05,,,,
train,2,262.0,731,0.09816410392522812,0.553009569644928,0.06724676080415527,0.05,,,,
train,2,263.0,732,0.06917374581098557,0.43449831008911133,0.06568643621572225,0.05,,,,
train,2,264.0,733,0.124702587723732,0.7838019132614136,0.07308057171682895,0.05,,,,
train,2,265.0,734,0.16573466360569,0.7669114470481873,0.07729733364126228,0.05,,,,
train,2,266.0,735,0.03697554022073746,0.40929386019706726,0.07145820055107728,0.05,,,,
train,2,267.0,736,0.1288527399301529,0.8459446430206299,0.07394510688769594,0.05,,,,
train,2,268.0,737,0.08252213150262833,0.7492021322250366,0.07674181342144752,0.05,,,,
train,2,269.0,738,0.0751693844795227,0.6682109236717224,0.07714212707465393,0.05,,,,
train,2,270.0,739,0.03192949295043945,0.3570265471935272,0.06929601137508964,0.05,,,,
train,2,271.0,740,0.04486781731247902,0.4375937879085541,0.06768072312850669,0.05,,,,
train,2,272.0,741,0.1621285229921341,0.9803473949432373,0.07486269317248413,0.05,,,,
train,2,273.0,742,0.17702724039554596,1.1925339698791504,0.08504836086303524,0.05,,,,
train,2,274.0,743,0.08461010456085205,0.5696409344673157,0.08486223826487056,0.05,,,,
train,2,275.0,744,0.09175560623407364,0.7638452649116516,0.08748230270637751,0.05,,,,
train,2,276.0,745,0.11282363533973694,0.823381781578064,0.08725585248852856,0.05,,,,
train,2,277.0,746,0.12665919959545135,0.7764576077461243,0.08259728241994811,0.05,,,,
train,2,278.0,747,0.1094481572508812,0.6256042718887329,0.08046023623128735,0.05,,,,
train,2,279.0,748,0.08424728363752365,0.672736406326294,0.0753073570033572,0.05,,,,
train,2,280.0,749,0.09139605611562729,0.6767699122428894,0.07447641783992572,0.05,,,,
train,2,281.0,750,0.15243512392044067,0.9793620109558105,0.08196497516366087,0.05,,,,
train,2,282.0,751,0.06969429552555084,0.6287087798118591,0.07974213750610165,0.05,,,,
train,2,283.0,752,0.06729994714260101,0.6229749321937561,0.08053379719418637,0.05,,,,
train,2,284.0,753,0.0954756960272789,0.695374608039856,0.07999945923953009,0.05,,,,
train,2,285.0,754,0.16561399400234222,1.0835583209991455,0.091257497774828,0.05,,,,
train,2,286.0,755,0.02171216532588005,0.2697097659111023,0.08386988847982975,0.05,,,,
train,2,287.0,756,0.08594150096178055,0.5882291197776794,0.0806916730504652,0.05,,,,
train,2,288.0,757,0.14637523889541626,0.9506779909133911,0.08157479455094994,0.05,,,,
train,2,289.0,758,0.08774591982364655,0.6198980212211609,0.07870687410254901,0.05,,,,
train,2,290.0,759,0.10841646790504456,0.6824551224708557,0.07944785692175048,0.05,,,,
train,2,291.0,760,0.13365894556045532,0.7344523072242737,0.07973178725258832,0.05,,,,
train,2,292.0,761,0.10803225636482239,0.637152910232544,0.07549154245591126,0.05,,,,
train,2,293.0,762,0.011739658191800117,0.1970331072807312,0.06864347801439771,0.05,,,,
train,2,294.0,763,0.03832263872027397,0.3442453145980835,0.06408845964197225,0.05,,,,
train,2,295.0,764,0.12757426500320435,0.7209146618843079,0.06272883086169401,0.05,,,,
train,2,296.0,765,0.05454852059483528,0.5618859529495239,0.06215134511047986,0.05,,,,
train,2,297.0,766,0.09207163751125336,0.7356064319610596,0.0699004351643424,0.05,,,,
train,2,298.0,767,0.1022823229432106,0.734465479850769,0.07155599081505395,0.05,,,,
train,2,299.0,768,0.0908544510602951,0.73874831199646,0.07293934758488084,0.05,,,,
train,2,300.0,769,0.08243947476148605,0.4916876256465912,0.07030907912369379,0.05,,,,
train,2,301.0,770,0.06140270084142685,0.49872228503227234,0.06582415457444972,0.05,,,,
train,2,302.0,771,0.045671314001083374,0.46337294578552246,0.0623213467900933,0.05,,,,
train,2,303.0,772,0.06917459517717361,0.6019464731216431,0.062374486050007456,0.05,,,,
train,2,304.0,773,0.13526438176631927,0.8343622088432312,0.07124017988628908,0.05,,,,
train,2,305.0,774,0.05278317630290985,0.5817557573318481,0.07548832467582423,0.05,,,,
train,2,306.0,775,0.030859988182783127,0.3132983148097992,0.06988486698253832,0.05,,,,
train,2,307.0,776,0.1066914051771164,0.8488106727600098,0.07125501011922598,0.05,,,,
train,2,308.0,777,0.042610522359609604,0.5101099014282227,0.06911873411464872,0.05,,,,
train,2,309.0,778,0.07138171046972275,0.5656681656837463,0.06583797214188701,0.05,,,,
train,2,310.0,779,0.024866236373782158,0.268123984336853,0.05988638330274772,0.05,,,,
train,2,311.0,780,0.10786431282758713,0.7138202786445618,0.06254859434176753,0.05,,,,
train,2,312.0,781,0.03432862088084221,0.4247530698776245,0.060064240280735134,0.05,,,,
train,2,313.0,782,0.04271147772669792,0.48793932795524597,0.0606257161183489,0.05,,,,
train,2,314.0,783,0.18520517647266388,0.8386794924736023,0.06623787412616579,0.05,,,,
train,2,315.0,784,0.07896292209625244,0.7562671899795532,0.07089464139772875,0.05,,,,
train,2,316.0,785,0.10909710824489594,0.7014428377151489,0.07733099394369013,0.05,,,,
train,2,317.0,786,0.02504482865333557,0.3453863263130188,0.07206566254258927,0.05,,,,
train,2,318.0,787,0.07265928387641907,0.5495395064353943,0.07036382651896804,0.05,,,,
train,2,319.0,788,0.07423344254493713,0.5621137022972107,0.06777082202426378,0.05,,,,
train,2,320.0,789,0.07986300438642502,0.7180948853492737,0.06893847530111996,0.05,,,,
train,2,321.0,790,0.07036139070987701,0.7916017174720764,0.07281738808460118,0.05,,,,
train,2,322.0,791,0.04622219130396843,0.4452245235443115,0.06932018523572753,0.05,,,,
train,2,323.0,792,0.05255847051739693,0.596197783946991,0.0654521434616453,0.05,,,,
train,2,324.0,793,0.04736721143126488,0.41501370072364807,0.06130859458921094,0.05,,,,
train,2,325.0,794,0.10510475933551788,0.7601990103721619,0.0650272829833237,0.05,,,,
train,2,326.0,795,0.03463863953948021,0.3571958839893341,0.06093766308096893,0.05,,,,
train,2,327.0,796,0.1559133678674698,0.8763107061386108,0.06852783518273217,0.05,,,,
train,2,328.0,797,0.06140550971031189,0.5424677729606628,0.06778380008118515,0.05,,,,
train,2,329.0,798,0.060641102492809296,0.5720407962799072,0.06623849734070307,0.05,,,,
train,2,330.0,799,0.09043629467487335,0.692893385887146,0.06959398004899256,0.05,,,,
train,2,331.0,800,0.058443646878004074,0.5421560406684875,0.06822003050078146,0.05,,,,
train,2,332.0,801,0.033606626093387604,0.4601117968559265,0.06805802890821415,0.05,,,,
train,2,333.0,802,0.041223276406526566,0.48805537819862366,0.06833561387096233,0.05,,,,
train,2,334.0,803,0.08011485636234283,0.5342955589294434,0.06968865148373711,0.05,,,,
train,2,335.0,804,0.03990316390991211,0.4070632755756378,0.063486928284011,0.05,,,,
train,2,336.0,805,0.06654229760169983,0.5429888367652893,0.06368492645506243,0.05,,,,
train,2,337.0,806,0.09527203440666199,0.6636843681335449,0.06519770593787115,0.05,,,,
train,2,338.0,807,0.02602272853255272,0.3808218240737915,0.06159627184629955,0.05,,,,
train,2,339.0,808,0.08561576902866364,0.56986403465271,0.06402543045288385,0.05,,,,
train,2,340.0,809,0.1444418579339981,0.7934184670448303,0.06986387218012585,0.05,,,,
train,2,341.0,810,0.07345791161060333,0.6549556851387024,0.06417471048896317,0.05,,,,
train,2,342.0,811,0.04701352119445801,0.4850470721721649,0.06022479237533107,0.05,,,,
train,2,343.0,812,0.07918079942464828,0.6581025123596191,0.06259086242029027,0.05,,,,
train,2,344.0,813,0.04376876726746559,0.4279937744140625,0.061064373987712674,0.05,,,,
train,2,345.0,814,0.08457320183515549,0.7148696184158325,0.06427189592161518,0.05,,,,
train,2,346.0,815,0.05398210883140564,0.5473843216896057,0.0642319944669327,0.05,,,,
train,2,347.0,816,0.03743288666009903,0.4979495704174042,0.05979379701839541,0.05,,,,
train,2,348.0,817,0.0922032818198204,0.6875775456428528,0.06455205771317228,0.05,,,,
train,2,349.0,818,0.10926555097103119,0.8271699547767639,0.0689876219003138,0.05,,,,
train,2,350.0,819,0.05014581233263016,0.5076175332069397,0.06687360048421395,0.05,,,,
train,2,351.0,820,0.09089252352714539,0.4381452798843384,0.06498819555237487,0.05,,,,
train,2,352.0,821,0.08511486649513245,0.5154395699501038,0.06346512631154136,0.05,,,,
train,2,353.0,822,0.07265249639749527,0.6897043585777283,0.06680776138910495,0.05,,,,
train,2,354.0,823,0.09721696376800537,0.6048709750175476,0.06575993728484686,0.05,,,,
train,2,355.0,824,0.03993235155940056,0.4886978566646576,0.0634156243607764,0.05,,,,
train,2,356.0,825,0.10075008869171143,0.7336490750312805,0.061566532200804165,0.05,,,,
train,2,357.0,826,0.058189332485198975,0.535882830619812,0.06292128330706925,0.05,,,,
train,2,358.0,827,0.12711477279663086,0.8879044651985168,0.07357415624118452,0.05,,,,
train,2,359.0,828,0.07304578274488449,0.5621415376663208,0.0714719569693958,0.05,,,,
train,2,360.0,829,0.09817527234554291,0.7272281646728516,0.07600222805862508,0.05,,,,
train,2,361.0,830,0.07886932790279388,0.7105183601379395,0.07474160023391234,0.05,,,,
train,2,362.0,831,0.07921324670314789,0.5707722306251526,0.07277941590975588,0.05,,,,
train,2,363.0,832,0.10182786732912064,0.7380272150039673,0.07173181270951938,0.05,,,,
train,2,364.0,833,0.05757514387369156,0.6230917572975159,0.07179054418413065,0.05,,,,
train,2,365.0,834,0.06956889480352402,0.5517626404762268,0.07171622469065202,0.05,,,,
train,2,366.0,835,0.08784551918506622,0.5930441617965698,0.0686597236022655,0.05,,,,
train,2,367.0,836,0.08419018983840942,0.7844265103340149,0.07467538462178187,0.05,,,,
train,2,368.0,837,0.057699669152498245,0.6824323534965515,0.07515567003095935,0.05,,,,
train,2,369.0,838,0.0970015749335289,0.6943436861038208,0.07649654787759354,0.05,,,,
train,2,370.0,839,0.0679938793182373,0.6201810240745544,0.07727015437992413,0.05,,,,
train,2,371.0,840,0.093338243663311,0.3947564363479614,0.07284293075281037,0.05,,,,
train,2,372.0,841,0.0709918737411499,0.7789744138717651,0.06661164572328697,0.05,,,,
train,2,373.0,842,0.04826101288199425,0.5872930288314819,0.06582217788567002,0.05,,,,
train,2,374.0,843,0.07139871269464493,0.5813344717025757,0.06594505289329662,0.05,,,,
train,2,375.0,844,0.09328259527683258,0.7573854327201843,0.07086274867086034,0.05,,,,
train,2,376.0,845,0.06156082823872566,0.5739455223083496,0.07093982635224853,0.05,,,,
train,2,377.0,846,0.0957043394446373,0.6671812534332275,0.07047617822191808,0.05,,,,
train,2,378.0,847,0.07694637030363083,0.7020583748817444,0.07016206405294202,0.05,,,,
train,2,379.0,848,0.12917961180210114,0.7537673115730286,0.07240413068392189,0.05,,,,
train,2,380.0,849,0.10044915974140167,0.6974219083786011,0.07599861241533999,0.05,,,,
train,2,381.0,850,0.05044407397508621,0.5304414629936218,0.07179466667651212,0.05,,,,
train,2,382.0,851,0.08956048637628555,0.6309103965759277,0.06959448846075265,0.05,,,,
train,2,383.0,852,0.046716395765542984,0.5149143934249878,0.06626714397547476,0.05,,,,
train,2,384.0,853,0.12590467929840088,0.8038852214813232,0.07543072888581587,0.05,,,,
train,2,385.0,854,0.03664739429950714,0.41962429881095886,0.07220809605664202,0.05,,,,
train,2,386.0,855,0.05425840988755226,0.5608879327774048,0.06906656724030891,0.05,,,,
train,2,387.0,856,0.05034337192773819,0.4740280210971832,0.06497929908274139,0.05,,,,
train,2,388.0,857,0.05261891335248947,0.6799505352973938,0.06718560674333283,0.05,,,,
train,2,389.0,858,0.0740068182349205,0.6873874068260193,0.06986903474230084,0.05,,,,
train,2,390.0,859,0.07377512753009796,0.6538692116737366,0.07030284872086863,0.05,,,,
train,2,391.0,860,0.020886370912194252,0.34698399901390076,0.0637723992287464,0.05,,,,
train,2,392.0,861,0.11402523517608643,0.7574408650398254,0.06675384681307517,0.05,,,,
train,2,393.0,862,0.06824582815170288,0.6101433038711548,0.06423420837535374,0.05,,,,
train,2,394.0,863,0.032874587923288345,0.410074383020401,0.061980374753541734,0.05,,,,
train,2,395.0,864,0.07514990121126175,0.4406014680862427,0.05805359649413286,0.05,,,,
train,2,396.0,865,0.031897708773612976,0.43900665640830994,0.056176123559546924,0.05,,,,
train,2,397.0,866,0.053741298615932465,0.6850741505622864,0.060480662221395684,0.05,,,,
train,2,398.0,867,0.08801816403865814,0.8662103414535522,0.06828078452236232,0.05,,,,
train,2,399.0,868,0.06427443027496338,0.5305799245834351,0.06763134388934083,0.05,,,,
train,2,400.0,869,0.04272057116031647,0.4335419535636902,0.06299864988833967,0.05,,,,
train,2,401.0,870,0.022155409678816795,0.2746448516845703,0.056571661191310844,0.05,,,,
train,2,402.0,871,0.0746937245130539,0.5629798173904419,0.058033197122664595,0.05,,,,
train,2,403.0,872,0.097426638007164,0.4541972279548645,0.05681792341678815,0.05,,,,
train,2,404.0,873,0.10389100015163422,0.8035762906074524,0.061973387819364886,0.05,,,,
train,2,405.0,874,0.04825299233198166,0.5056619048118591,0.06090252754225672,0.05,,,,
train,2,406.0,875,0.07363570481538773,0.6651433706283569,0.06656897547308535,0.05,,,,
train,2,407.0,876,0.018223153427243233,0.21690130233764648,0.06093410260016486,0.05,,,,
train,2,408.0,877,0.059678707271814346,0.5374969244003296,0.061431672862308544,0.05,,,,
train,2,409.0,878,0.034843023866415024,0.34451180696487427,0.05768984859257286,0.05,,,,
train,2,410.0,879,0.05801829695701599,0.6197403073310852,0.05748579171323309,0.05,,,,
train,2,411.0,880,0.09493415802717209,0.6821469664573669,0.061935942951027646,0.05,,,,
train,2,412.0,881,0.03073268197476864,0.3677016496658325,0.058123383114520026,0.05,,,,
train,2,413.0,882,0.03464757278561592,0.3897629380226135,0.05642152128325624,0.05,,,,
train,2,414.0,883,0.09146192669868469,0.6782485842704773,0.05605119455825801,0.05,,,,
train,2,415.0,884,0.013364692218601704,0.20638541877269745,0.05136481128207823,0.05,,,,
train,2,416.0,885,0.0460958406329155,0.5731603503227234,0.05162313430663071,0.05,,,,
train,2,417.0,886,0.16932108998298645,0.9843688607215881,0.06334121747348827,0.05,,,,
train,2,418.0,887,0.06952190399169922,0.5607355833053589,0.06387076474717572,0.05,,,,
train,2,419.0,888,0.12808410823345184,0.8264457583427429,0.07296840069487612,0.05,,,,
train,2,420.0,889,0.13950088620185852,0.7566658854484558,0.07407593883309338,0.05,,,,
train,2,421.0,890,0.09411647915840149,0.7532657980918884,0.0770589475337914,0.05,,,,
train,2,422.0,891,0.06444863229990005,0.4313980042934418,0.07253250063697136,0.05,,,,
train,2,423.0,892,0.07308950275182724,0.6806164979934692,0.07732270608113484,0.05,,,,
train,2,424.0,893,0.10029235482215881,0.8608101010322571,0.076863917887491,0.05,,,,
train,2,425.0,894,0.09599436074495316,0.7729352116584778,0.07391243518323845,0.05,,,,
train,2,426.0,895,0.09606723487377167,0.6949360966682434,0.07582341370212801,0.05,,,,
train,2,427.0,896,0.04055707901716232,0.46117353439331055,0.0708183841847377,0.05,,,,
train,2,428.0,897,0.18842636048793793,1.097460150718689,0.0847057485538987,0.05,,,,
train,2,429.0,898,0.04847167059779167,0.5515673756599426,0.08051892642797678,0.05,,,,
train,2,430.0,899,0.07720842212438583,0.6479295492172241,0.08021583368769145,0.05,,,,
train,2,431.0,900,0.05058939754962921,0.554153323173523,0.07586031406322243,0.05,,,,
train,2,432.0,901,0.04709154739975929,0.46126788854599,0.07241335074161485,0.05,,,,
train,2,433.0,902,0.06834205240011215,0.5493035316467285,0.06827621926961991,0.05,,,,
train,2,434.0,903,0.11046040058135986,0.644650399684906,0.06765973373796579,0.05,,,,
train,2,435.0,904,0.07365667819976807,0.5364541411399841,0.06482791631270904,0.05,,,,
train,2,436.0,905,0.07408712059259415,0.5881024599075317,0.06497731289058958,0.05,,,,
train,2,437.0,906,0.07412905246019363,0.7831372618675232,0.06578742035562289,0.05,,,,
train,2,438.0,907,0.10286645591259003,0.6583584547042847,0.06734255475752735,0.05,,,,
train,2,439.0,908,0.11149821430444717,0.642562985420227,0.06918500804864235,0.05,,,,
train,2,440.0,909,0.043402403593063354,0.4010065793991089,0.06340094999134781,0.05,,,,
train,2,441.0,910,0.05212414637207985,0.6439331769943237,0.062247675700097975,0.05,,,,
train,2,442.0,911,0.05954276770353317,0.6573091745376587,0.060104599915805655,0.05,,,,
train,2,443.0,912,0.13233855366706848,0.8318465352058411,0.07232501698276726,0.05,,,,
train,2,444.0,913,0.09502601623535156,0.6753671765327454,0.07219688647404077,0.05,,,,
train,2,445.0,914,0.05476165935397148,0.560942530632019,0.07293604280951005,0.05,,,,
train,2,446.0,915,0.11760960519313812,0.9517306685447693,0.07711487430055255,0.05,,,,
train,2,447.0,916,0.034894198179244995,0.392982542514801,0.07307651234214034,0.05,,,,
train,2,448.0,917,0.09907737374305725,0.581616222858429,0.07027748595617365,0.05,,,,
train,2,449.0,918,0.0896526575088501,0.5779563784599304,0.06867932166066293,0.05,,,,
train,2,450.0,919,0.03417482599616051,0.3950534760951996,0.06571190902767704,0.05,,,,
train,2,451.0,920,0.08662400394678116,0.699159562587738,0.06740836726574653,0.05,,,,
train,2,452.0,921,0.05325579643249512,0.3917386829853058,0.06419498756056065,0.05,,,,
train,2,453.0,922,0.01697627454996109,0.1790114939212799,0.05851557233011453,0.05,,,,
train,2,454.0,923,0.137525737285614,0.908743143081665,0.06789365601951673,0.05,,,,
train,2,455.0,924,0.06030191853642464,0.580742359161377,0.06682684463967187,0.05,,,,
train,2,456.0,925,0.08901138603687286,0.6810932159423828,0.0687096564770899,0.05,,,,
train,2,457.0,926,0.042919084429740906,0.4483078420162201,0.06356156154039856,0.05,,,,
train,2,458.0,927,0.09175942093133926,0.7436915636062622,0.06372536578903366,0.05,,,,
train,2,459.0,928,0.06452994048595428,0.4751366078853607,0.06281350935260414,0.05,,,,
train,2,460.0,929,0.05390537902712822,0.5147013068199158,0.061353417809161426,0.05,,,,
train,2,461.0,930,0.032148752361536026,0.3324446976184845,0.05644599589537326,0.05,,,,
train,2,462.0,931,0.06356678903102875,0.6022873520851135,0.05542353032069347,0.05,,,,
train,2,463.0,932,0.057807959616184235,0.5369768738746643,0.05597373053802372,0.05,,,,
train,2,464.0,933,0.09865773469209671,0.7248592972755432,0.058765604224069665,0.05,,,,
train,2,465.0,934,0.10221318900585175,0.7374840378761292,0.06265053220070471,0.05,,,,
train,2,466.0,935,0.06352304667234421,0.6176817417144775,0.06512086359025873,0.05,,,,
train,2,467.0,936,0.03435958921909332,0.4400196373462677,0.06393112085175352,0.05,,,,
train,2,468.0,937,0.1027255728840828,0.7452234029769897,0.06547368028051016,0.05,,,,
train,2,469.0,938,0.02668701857328415,0.41346630454063416,0.06267020597128613,0.05,,,,
layer_grad,2,,938,,,,,fc1.weight,0.36880627274513245,,
layer_grad,2,,938,,,,,fc1.bias,0.017576435580849648,,
layer_grad,2,,938,,,,,fc2.weight,0.18538722395896912,,
layer_grad,2,,938,,,,,fc2.bias,0.016095124185085297,,
eval,2,,938,,,,,,,0.0791878694921732,0.9752
