iteration,x,y,loss,grad_norm,update_norm,grad_x,grad_y
0,-1.5,2.5,12.5,153.37861650177967,0.014142135621829111,145.0,50.0
1,-1.5099999999993103,2.490000000002,10.70590100016793,128.79332510970937,0.014024704387237597,121.75960000240943,41.980000000816545
2,-1.5199170129735533,2.480083085823784,9.237784393022425,103.98625209749528,0.01378691081064711,98.27522357636381,33.987071899467125
3,-1.5296645664599196,2.4703330032225357,8.10116616687226,79.18637031943811,0.013384562137043783,74.76426890660689,26.091863467904375
4,-1.5391228448110634,2.4608626561205194,7.2928738085885945,54.722592006037665,0.012764194617925259,51.53901901317477,18.392704940243743
5,-1.5481309702136825,2.4518195183368205,6.796682843167685,31.052679222020142,0.011870027622710269,29.030747943231784,11.02200348041249
6,-1.5564843526932433,2.443386336439454,6.578638605236057,8.835828306943666,0.010660242075357696,7.801366418873083,4.148559252109862
7,-1.563944692608452,2.4357716079837064,6.584117465864758,11.656550147342083,0.009131501574476978,-11.47837661403461,-2.0302787108877673
8,-1.570269662291866,2.4291853283427733,6.73996034791731,29.040765264062234,0.0073399207849639235,-28.105094960071145,-7.312296794287487
9,-1.5752596406520727,2.4238025267400563,6.964203888595783,43.042473302295086,0.005399812245849077,-41.46996309678909,-11.528081745448215
10,-1.5788028607775815,2.4197277797009615,7.181529514624066,53.224987668998786,0.003455731478623217,-51.189619889361374,-14.57813869970277
11,-1.58089514599015,2.416977430151974,7.337559439028958,59.49405246537362,0.001661393284860648,-57.174525839566456,-16.45040649264864
12,-1.5816269277825732,2.415485879597934,7.4053931053504245,62.04297686345247,0.0005952010601854639,-59.607824768561755,-17.211571817801374
13,-1.581151496575442,2.415127788171994,7.383352356145468,61.26667689241251,0.0016195644100748753,-58.86596617987803,-16.982453390153296
14,-1.5796533132494432,2.4157429593677437,7.287616524399029,57.66994643280696,0.0027221918306167873,-55.43122403868369,-15.912326138439958
15,-1.577326254240696,2.4171554482110573,7.14391234524806,51.79934537390149,0.0035922180171547168,-49.826212894267385,-14.160532821185523
16,-1.5743623294910671,2.419185024610533,6.980554336648822,44.20364861683395,0.0042132770232729605,-42.575549060253664,-11.886343982001346
17,-1.570947402038091,2.4216528118310503,6.8234264526223605,35.41527057843571,0.004588444712301721,-34.187410354009465,-9.244585627835367
18,-1.5672601978603977,2.424383809859217,6.692718146887194,25.943514913070807,0.004725532975174139,-25.14574868038597,-6.3841435876391905
19,-1.5634719025619632,2.427208607308826,6.601095416069603,16.275257280063876,0.004636195925851475,-15.906008650641798,-3.447156558379749
20,-1.5597447065574581,2.429965838276098,6.55309822332401,6.913266998425003,0.0043377874961945725,-6.889931520812026,-0.5675422715825995
21,-1.556228565802171,2.4325061442716724,6.545665472247542,2.6196487944205753,0.0038556296072317186,1.5225515282914799,2.131759050597992
22,-1.5530562684227163,2.4346975842102667,6.5696880322150015,10.085268262239572,0.0032245959742961106,9.004218285245319,4.542762264634881
23,-1.5503376367929296,2.4364316722296504,6.612363622349474,16.64673973504485,0.0024900694047284557,15.292394172383498,6.576976834592951
24,-1.5481541771837928,2.4376287310317286,6.659940512688268,21.788439370091996,0.0017120067684051243,20.19890515321443,8.169474940020471
25,-1.5465554988940127,2.438241262582631,6.700309135560108,25.373960132209742,0.0009972637651257548,23.615506815350372,9.281470284664461
26,-1.5455583241094393,2.4382545842283174,6.724932288026876,27.367166379777604,0.0007020866909239163,25.51344259453872,9.900810200867749
27,-1.5451481417018837,2.4376847806532984,6.72980315212797,27.81302432805484,0.0011182555226721394,25.93751504491522,10.040400169702757
28,-1.5452829028574326,2.436574674872329,6.715394755557435,26.82516810946846,0.0017009673692291762,24.996355016474162,9.735085001767096
29,-1.5458978734491216,2.4349887678250717,6.685796330705298,24.573276403622188,0.0022248077265841896,22.850946889347934,9.037706538111046
30,-1.5469108568537941,2.4330079513161222,6.647353489661687,21.270822208742608,0.0026357942694255807,19.703006031444893,8.014950452796565
31,-1.5482273126600075,2.430724454974758,6.607143640584555,17.164083644722822,0.002913889719075203,15.783956599148297,6.7433286616658705
32,-1.549745224978355,2.428237148100096,6.571568279095798,12.523743370344633,0.0030520744852169292,11.344475364154148,5.305377151376778
33,-1.5513597907351226,2.425647102525133,6.545270901568465,7.647086132949343,0.00305196895983958,6.644116074343341,3.7859804430818933
34,-1.5529680585587202,2.423053265764771,6.530513350213592,2.9853745144985453,0.0029226804468322665,1.9404855358423632,2.268694972226104
35,-1.5544735682142496,2.420548170622585,6.5270658508659105,2.6559305121215075,0.002680438254783769,-2.5222432120931573,0.8320192691686934
36,-1.5557908729803922,2.418213763333613,6.532582947238488,6.540954479580603,0.0023483875793994823,-6.525159091738677,-0.45429542309562976
37,-1.5568496504629177,2.4161175967215387,6.543352655855492,10.004003227542222,0.0019566260952777466,-9.885902703517598,-1.5326474849940652
38,-1.5575980023284886,2.4143097374454836,6.555235788451291,12.689633694764757,0.0015435134772072364,-12.46817967999591,-2.360359882442964
39,-1.558004564319865,2.4128207306619234,6.564579407772601,14.483910886702539,0.0011611663199433118,-14.188264583711604,-2.9114983559217933
40,-1.5580591935355406,2.411660850120072,6.568908422407547,15.350125735642957,0.0008878285438712357,-15.017647158916395,-3.1775200881093646
41,-1.5577722124744686,2.4108206826404,6.567268926972813,15.312614389980043,0.0008123016626331915,-14.981590871122936,-3.1667166634401944
42,-1.5571723863370919,2.4102729211995917,6.560193096892837,14.448545865505947,0.0009180957855109228,-14.153991813211869,-2.9025839142323484
43,-1.5563039295851537,2.409975124723142,6.5493472326078646,12.879015207319275,0.0010858621793756356,-12.649349858084182,-2.4213593038099113
44,-1.555222865158532,2.4098731620922837,6.5369872899795025,10.759245991714701,0.0012302563643003081,-10.612823119699048,-1.7689996439259836
45,-1.5539930227438246,2.4099050737968435,6.525369612739523,8.269706738766017,0.00131492882436642,-8.209284289086277,-0.9978481879290513
46,-1.552681905570891,2.410005121645337,6.516251493078164,5.614517954444795,0.0013292653062547057,-5.612145671766882,-0.16319564838322975
47,-1.551356613797438,2.410107824954097,6.510576898402251,3.0688763208053356,0.0012773709610794538,-2.9925692671467443,0.6800963562088036
48,-1.5500799996287395,2.4101517889903943,6.508389605875396,1.5659851305723578,0.0011747719472548531,-0.5095771596333094,1.4807567482722384
49,-1.548907236015305,2.410083125790202,6.50896109085731,2.774533099592434,0.0010486416586147484,1.6984807041242416,2.1939000019261634
50,-1.547882985956283,2.409858267735474,6.511074689520665,4.487995578334845,0.0009389887422738371,3.5206977366836494,2.7833059045070385
51,-1.5470393426353375,2.4094459986423553,6.513379608810645,5.846873879767209,0.0008926448449321094,4.878304604526798,3.2230541961556725
52,-1.546394662529861,2.40882858275271,6.514723240135078,6.711089553584776,0.0009370619027412213,5.727105541757502,3.4984260903733855
53,-1.5459533400512637,2.4080019513478783,6.514387299289487,7.049725523874789,0.001056210729566321,6.057645923413711,3.606044346444026
54,-1.545706490056751,2.4069749916673358,6.512186166375114,6.881601867585383,0.001209146514132216,5.893266591690342,3.5532876527549995
55,-1.545633432574994,2.405768054263409,6.508424358319131,6.2622041261296575,0.0013590372183647208,5.2863301454867155,3.357069273970037
56,-1.5457038244821117,2.4044108412586405,6.503743978916875,5.2778984505637405,0.0014815258595744717,4.312981020228699,3.0421056480027353
57,-1.5458802574520256,2.402939858498811,6.498914681412842,4.045839176103461,0.0015629151688013496,3.0668316203132786,2.6388176237739813
58,-1.5461211339551384,2.401395616828891,6.494624853335525,2.736023341938029,0.0015975690267820532,1.6519727305920053,2.181011193233573
59,-1.5463836345936617,2.3998197614389176,6.491324252228164,1.7125212528939924,0.0015861793563199075,0.17570987712348174,1.7034832199628092
60,-1.5466265947888125,2.3982523000218525,6.489149124146956,1.7665849285727213,0.00153458629003981,-1.2585618639317149,1.2396952627629965
61,-1.5468131163874799,2.3967290913116592,6.487936635013433,2.686036335642178,0.00145277039531856,-2.557920466382761,0.8196548566623996
62,-1.5469127541869063,2.395279741757397,6.487312452304703,3.675433636084972,0.0013537412520553862,-3.645498932568377,0.46813453825542695
63,-1.5469031437312157,2.3939260346189593,6.4868189911387395,4.469340651032322,0.0012520500550826424,-4.464712624419851,0.20333970668815482
64,-1.5467709772774643,2.392680979853523,6.486045669583641,4.981981251533942,0.0011616245953848697,-4.981850423116271,0.03610474112827333
65,-1.546512286973486,2.391548526310445,6.484727129828826,5.186972686215938,0.0010928797334198454,-5.18688391992656,-0.030345489903371714
66,-1.5461320511957106,2.3905239254784036,6.482788422141622,5.092507931892976,0.0010499851252816466,-5.092507931282518,-7.885125041795504e-05
67,-1.5456431932685857,2.3895946856329386,6.480333117109699,4.733011956163118,0.0010301747897696139,-4.731581374886875,0.11636094708560307
68,-1.545065084592494,2.3887420130954986,6.477586079325356,4.164317092221537,0.0010261590800987827,-4.153266068908358,0.3031794937375487
69,-1.5444216931183672,2.387942607148129,6.474813044335626,3.4607710522193624,0.0010301689665378085,-3.4182480170642844,0.5408481947049459
70,-1.5437395330337895,2.3871706578501652,6.472242092932352,2.7163555957488623,0.001037140651094469,-2.5934678168814282,0.8077823997565403
71,-1.5430455742577354,2.3863998907340465,6.470007869468402,2.054775009946646,0.0010458813120960725,-1.7467883829710442,1.0820492995324393
72,-1.5423652628908613,2.3856055078521226,6.468130123096919,1.6404131583860855,0.001058445472884257,-0.9419968540743211,1.3429807359453427
73,-1.541720787471994,2.3847658899309554,6.466527086467119,1.5899658180322023,0.0010783694506174123,-0.2344809215360888,1.5725806815379606
74,-1.5411297015468537,2.383863948635124,6.465054605631285,1.7877655228346214,0.00110849442290897,0.33215560444294123,1.7566383290459342
75,-1.5406039816853239,2.382888049812083,6.46355621923232,2.0212770900805195,0.0011492404397060302,0.7283612318661161,1.8854842854818088
76,-1.540149563642359,2.381832465693936,6.461908588388203,2.1685389800051023,0.001198050629700623,0.9397064549672889,1.9543574612374215
77,-1.539766360863752,2.3806973529498467,6.46005033388784,2.1884926350730085,0.0012500880094036024,0.9667644845955135,1.9633813804489364
78,-1.5394487325692365,2.379488290380011,6.457988794384515,2.0867146634547202,0.001299613733331892,0.8238971245681155,1.9171780341964428
79,-1.5391863365216085,2.378215441539789,6.455786265773588,1.9016028170299923,0.0013413512743443868,0.5371104127763164,1.824172600995766
80,-1.5389652767084276,2.3768924314112634,6.4535328478281615,1.7015303661192984,0.001371444400593505,0.14119839943508783,1.695661699403228
81,-1.5387694397763847,2.3755350414009984,6.451315749308454,1.5782554751151447,0.0013879357780371582,-0.32357063888460313,1.5447305222538787
82,-1.5385819064882944,2.374159833420432,6.449194420849522,1.6070714443081489,0.0013908413453533378,-0.8149531687154301,1.3851100894554769
83,-1.5383863254915975,2.372782812098275,6.447187787988982,1.7840097887434185,0.0013819191145656435,-1.292141907002823,1.230065127747082
84,-1.538168145792699,2.37141822495991,6.445275399638237,2.0360597193934495,0.0013642161768805334,-1.718835027668637,1.0913960457120453
85,-1.5379156207647768,2.370077584483296,6.443409968177618,2.2858273706196135,0.0013414713539983796,-2.0657441143499633,0.978625578197434
86,-1.5376205190925611,2.3687689743822142,6.441535807422019,2.480774001882756,0.00131746525576757,-2.3123745906427025,0.8984227295473879
87,-1.5372785049978066,2.367496676830875,6.439606761708245,2.592762639919401,0.0012954348313259107,-2.4479783890438562,0.8542949805167233
88,-1.5368891790414956,2.3662611297043132,6.437598350279111,2.6126082791444616,0.001277678978796094,-2.471652201209505,0.8465562098941781
89,-1.5364557990957923,2.3650591956813654,6.4355113996843585,2.5458275446233802,0.0012654439105468098,-2.391628382481172,0.8725546212550839
90,-1.5359847261450092,2.363884700655501,6.4333674300997234,2.4093910681738917,0.0012590854820329065,-2.2238717984221066,0.9271243409483709
91,-1.5354846593164724,2.362729179380031,6.431198523742367,2.228702735694376,0.001258400971220113,-1.990148094693453,1.0032080767615525
92,-1.5349657375837362,2.361582753089482,6.429035659372945,2.0341064620591083,0.0012629678542705922,-1.715762698975058,1.0925875066997826
93,-1.5344385913167755,2.3604350577404674,6.426899339144087,1.856070891513544,0.0012723535812361553,-1.4271835057182152,1.1866534436514087
94,-1.533913425348415,2.3592761425833655,6.4247950225109,1.7184425477971723,0.0012861451020847567,-1.1497541694184008,1.2771492238515592
95,-1.5333992071089309,2.3580972664975115,6.422713995603927,1.6313308581344028,0.0013038387505625998,-0.9056815992362557,1.3568276270427226
96,-1.5329030197218838,2.3568915328766797,6.420638515624038,1.588678732416189,0.0013246876885937445,-0.712444237615407,1.4199730008419564
97,-1.5324296221843954,2.3556543213976626,6.418548920986747,1.574182852341471,0.0013476081043115552,-0.5817213978414397,1.4627548898907605
98,-1.5319812385725295,2.354383494997474,6.416430151209858,1.5715321948360572,0.0013712046641127416,-0.5188930032055126,1.4833959318504952
99,-1.5315575774526318,2.3530793809356023,6.414275716019449,1.5717573859115157,0.0013939164756633386,-0.5231080725076298,1.4821535766055938
100,-1.5311560631459529,2.351744544090644,6.412088274595487,1.5749598358921637,0.0014142368305999121,-0.5878733253737396,1.4611308764061803
101,-1.5307722437820601,2.350383387042789,6.409877197891199,1.5876166659517497,0.001430940473068988,-0.7020737002632353,1.4239449418451677
102,-1.530400328430771,2.349001623818158,6.407654390351368,1.6174519160742058,0.001443259909492556,-0.851306883142728,1.3752917114292273
103,-1.530033797832308,2.347605681667946,6.405430000773755,1.6681608740794351,0.001450975143660526,-1.0193957336659878,1.320451831757996
104,-1.5296660307009757,2.3462020876366703,6.403209426026188,1.7365565156071867,0.0014544068750695389,-1.1899365001523257,1.264784431238386
105,-1.5292908901640558,2.3447968940785406,6.400992367010638,1.8133961207523264,0.0014543246582969082,-1.3477468283238365,1.2132534679540896
106,-1.5289032221107202,2.343395190225313,6.398773906147993,1.8867009512292847,0.0014517964785268733,-1.4800948418817579,1.1700255289541772
107,-1.5284992282016494,2.342000736233065,6.396546919403436,1.945329018017037,0.001448014177976838,-1.57761720119298,1.1381691240053726
108,-1.528076689874049,2.340615742940182,6.3943048081149465,1.9814173625317748,0.0014441297291219787,-1.6348674173691875,1.1194745607502554
109,-1.527635034521916,2.339240806132737,6.39204359442702,1.9914693947415967,0.0014411302377954913,-1.65047256154946,1.1144014867922714
110,-1.5271752497258355,2.3378749897821316,6.389762790351163,1.9763769465437857,0.0014397660597476295,-1.6269132813704306,1.122149281392737
111,-1.5266996646160882,2.336516039779303,6.387464955091233,1.9407024860542434,0.0014405303402337036,-1.5699752135956833,1.1408347680853304
112,-1.526211628055085,2.33516069924045,6.3851543081288105,1.8914629317171265,0.0014436751768866067,-1.4879464569752718,1.1677531259794094
113,-1.5257151205126833,2.333805089312522,6.382835022645239,1.8366214735167414,0.0014492441594087413,-1.3906535777995916,1.1996920702980418
114,-1.5252143398470843,2.3324451160192026,6.380509829106963,1.7835401583292276,0.0014571044890765222,-1.2884365414432484,1.2332667088050364
115,-1.5247133006478764,2.3310768641370756,6.378179350046045,1.7377296301765324,0.001466971315853383,-1.191160961622566,1.2652429929068454
116,-1.5242154826606653,2.329696943091093,6.375842268906456,1.7022401969220307,0.001478427045501928,-1.1073550862124426,1.2928211017215752
117,-1.523723556714959,2.328302756807696,6.373496134058681,1.6778541637146067,0.0014909443510047198,-1.0435407315591823,1.3138559039222564
118,-1.523239207368518,2.3268926785232042,6.371138414340583,1.6638959026186477,0.0015039213766135952,-1.0038042036178307,1.3269991317066854
119,-1.5227630611507887,2.32546612172925,6.368767399578888,1.6591978765609305,0.001516732275122345,-0.989627629357682,1.3317562647857883
120,-1.5222947188638427,2.324023508719238,6.366382660600263,1.6627555141467352,0.0015287889789778078,-0.9999755912484947,1.328459527698378
121,-1.5218328808524615,2.322566147613167,6.3639849834445315,1.6738514104361764,0.0015396043878817343,-1.031608814355895,1.318166073892968
122,-1.521375546312436,2.3210960364644153,6.361575889737268,1.6917404999914876,0.0015488450608593606,-1.0795778069868662,1.3024967093904216
123,-1.5209202621827602,2.3196156184883647,6.359156981230153,1.7151898960044112,0.0015563633090602228,-1.1378361923990554,1.2834349140577572
124,-1.5204643943233824,2.3181275152511613,6.356729368669673,1.7421878661038817,0.0015622031741688244,-1.1999067937570786,1.2631081691981905
125,-1.520005393604005,2.3166342647373512,6.3542933722289465,1.7700000290141773,0.0015665804256761826,-1.2595335360527513,1.2435736304170497
126,-1.5195410320460228,2.3151380887538586,6.351848553626509,1.7955543507475267,0.0015698417854407688,-1.3112584952252013,1.2266281364733622
127,-1.519069588861161,2.313640709525085,6.349394012395109,1.8159930637817632,0.001572411923106025,-1.3508749978124053,1.2136587444536495
128,-1.518589972525848,2.312143229165672,6.346928795984134,1.8291945454731715,0.001574737801984002,-1.3757231460710533,1.2055449019232611
129,-1.5181017722111456,2.3106460786729954,6.344452257801027,1.8341190653792627,0.0015772387621628906,-1.384811796144632,1.202617576474907
130,-1.5176052392020165,2.309149035893475,6.341964243699161,1.8309137747487394,0.0015802679416798318,-1.378768999462018,1.2046747680130032
131,-1.5171012056676338,2.307651305288954,6.339465069147552,1.8207842360605566,0.001584087269737384,-1.3596394392073372,1.211047410153121
132,-1.5165909536699698,2.3061516468688383,6.336955331197481,1.805689225301467,0.0015888553792805494,-1.3305609105893126,1.2207052230500004
133,-1.516076051163299,2.304648537815944,6.334435651738777,1.7879439033026021,0.001594626114642148,-1.295361262677666,1.2323889810084587
134,-1.5155581736793524,2.303140348385826,6.331906457187663,1.7698257733896208,0.001601355009256212,-1.2581217981930215,1.2447541159063213
135,-1.515038930356589,2.3016255136630144,6.329367868638803,1.7532664951587718,0.0016089117624308105,-1.2227528087109416,1.2565106333954468
136,-1.5145197111018736,2.300102684577128,6.326819723509193,1.7396798220045773,0.001617097630668404,-1.1926221058456807,1.2665458522051587
137,-1.5140015682846988,2.2985708449092375,6.324261697822114,1.7299289966422213,0.0016256671174166167,-1.1702689177056707,1.2740192281420093
138,-1.5134851419023267,2.2970293854163413,6.321693466429193,1.7243931243627468,0.001634353107916904,-1.1572244817561792,1.2784221314470656
139,-1.512970632138784,2.295478131154598,6.319114835116438,1.7230704263897594,0.0016428938028988022,-1.153948371689053,1.279599488033334
140,-1.512457818210307,2.293917323055451,6.316525800243451,1.72566516881462,0.0016510589016857959,-1.1598773607233261,1.277734237993755
141,-1.5119461178473694,2.2923475593039884,6.313926526138797,1.731636116373915,0.0016586719617803466,-1.1735726527997916,1.2732992060513482
142,-1.5114346781280108,2.29076970567001,6.31131726291238,1.7402184355826351,0.0016656260298368378,-1.192942597180863,1.266983884417261
143,-1.510922485948207,2.289184786352752,6.308698245868418,1.7504502772618542,0.0016718905271632637,-1.2155122384937962,1.2596055617684065
144,-1.5104084853501445,2.287593867963893,6.3060696176519855,1.7612327314177523,0.0016775087550005407,-1.2387086019825642,1.2520150692350462
145,-1.5098916892379515,2.285997948980509,6.303431398715456,1.7714327963036043,0.0016825868924315497,-1.2601314804151067,1.2450071501348248
146,-1.5093712745626409,2.284397865477593,6.300783509071615,1.7800158661325325,0.0016872766196750508,-1.2777833521730981,1.239244200548395
147,-1.5088466526061433,2.2827942214416352,6.2981258243388005,1.7861786395751698,0.0016917542454739005,-1.2902383168140261,1.2352000721743472
148,-1.508317509205987,2.2811873487991554,6.295458238923798,1.78945065248101,0.0016961993510025374,-1.2967377776082536,1.2331280443604875
149,-1.507783813259611,2.2795772988386998,6.292780711080747,1.7897414039374546,0.0017007755570263455,-1.2972091116838236,1.233054262201172
150,-1.507245795249241,2.277963863337697,6.290093275810705,1.7873249822508572,0.001705615273004173,-1.2922118192833203,1.2347952082359726
151,-1.5067039004898326,2.276346620768003,6.287396026277704,1.7827694584485856,0.0017108094382517942,-1.2828227949613562,1.2379954033455043
152,-1.506158724048903,2.2747250007193274,6.284689076381048,1.7768298210896611,0.0017164025194869325,-1.2704777492203605,1.24217973814158
153,-1.505610935637332,2.273098358329295,6.281972522188856,1.7703285410595169,0.0017223924935201803,-1.2567889965708976,1.246813763714627
154,-1.5050612031502533,2.2714660501186974,6.27924641729977,1.7640464867643442,0.001728735218411187,-1.243360647195951,1.2513649781219272
155,-1.5045101229798228,2.2698275031705957,6.2765107691723,1.758640098097871,0.0017353524076686034,-1.2316207894802096,1.2553586043668297
156,-1.5039581638558592,2.268182270936449,6.2737655540697554,1.7545911904384373,0.0017421422810542848,-1.2226868584493835,1.2584224615522999
157,-1.5034056290006275,2.2665300708997735,6.271010741405578,1.7521869264700383,0.0017489918208865001,-1.2172755595476783,1.2603171178002803
158,-1.5028526390636514,2.2648708016271324,6.2682463161982325,1.7515222106782806,0.001755789423270414,-1.2156630792947496,1.2609493773101832
159,-1.5022991359031224,2.263204539117756,6.2654722910639915,1.752516075547442,0.0017624366567702183,-1.217695522723448,1.260369076497625
160,-1.501744905062362,2.261531514567943,6.262688704811727,1.7549364234383007,0.0017688578959814574,-1.2228441960503753,1.258750937436126
161,-1.501189612974763,2.2598520774736683,6.2598956105384715,1.7584312643700883,0.0017750068266348742,-1.2302960283051152,1.256364674069932
162,-1.5006328536813525,2.25816664924209,6.257093059813812,1.762566906810962,0.0017808692133050757,-1.2390664791199488,1.2535375388501357
163,-1.500074199252028,2.2564756730791906,6.25428108998002,1.7668732590303309,0.0017864618195382032,-1.248120918715916,1.250613963515601
164,-1.4995132481782207,2.2547795658521963,6.2514597191546795,1.7708939687417389,0.0017918278798527301,-1.2564907138653343,1.2479168780395788
165,-1.4989496666919393,2.2530786769494933,6.248628949660524,1.774236148617654,0.0017970299470604705,-1.2633719605700167,1.2457147347234354
166,-1.4983832191432056,2.2513732579965184,6.245788777107385,1.776612593584919,0.0018021412052209394,-1.268197675158286,1.244197317312512
167,-1.4978137850700657,2.249663445796333,6.242939200555811,1.777869672123844,0.0018072364181181667,-1.2706778911875127,1.2434622100832016
168,-1.4972413622348066,2.247949259234536,6.240080229535576,1.777996441432301,0.0018123835891706434,-1.2708060568222361,1.2435124895592509
169,-1.4966660564878662,2.2462306093074615,6.23721188567681,1.7771141693543444,0.001817637187259985,-1.268833932264215,1.2442649329041267
170,-1.4960880606879516,2.2445073200688856,6.234334199258646,1.775449180632789,0.0018230335041251142,-1.2652204444788935,1.2455669471699515
171,-1.4955076259206592,2.2427791572761833,6.231447202966148,1.7732947356523021,0.0018285884080238984,-1.2605623524042207,1.247219617867401
172,-1.4949250288346714,2.2410458609364428,6.228550925861747,1.770968874266129,0.0018342974836978014,-1.2555159143535808,1.2490038200199116
173,-1.4943405390250177,2.2393071778367633,6.225645389949577,1.768774735173423,0.0018401383190876034,-1.2507189665962555,1.2507062526365686
174,-1.4937543900612118,2.2375628904677773,6.222730610226426,1.7669681985206727,0.0018460745193638482,-1.2467219833785266,1.2521425281269316
175,-1.4931667570555605,2.2358128394451744,6.219806597525417,1.7657354920313477,0.0018520608980677124,-1.2439349711413867,1.253175013871033
176,-1.4925777427005151,2.2340569374946937,6.216873362436695,1.7651813607140232,0.0018580492151634039,-1.242594714270155,1.2537238979456689
177,-1.4919873726016077,2.23229517416431,6.2139309184558815,1.7653269991980924,0.0018639938085888823,-1.2427542452515765,1.2537708323321795
178,-1.4913955996276427,2.230527611530132,6.210979283167351,1.7661162855701895,0.001869856506718168,-1.2442937775331906,1.2533553882871473
179,-1.4908023160158161,2.2287543721465024,6.208018477307674,1.7674287131430773,0.001875610316430198,-1.246950007367678,1.2525653416761706
180,-1.4902073712067645,2.2269756212552076,6.205048522477136,1.7690974304271323,0.0018812415473380276,-1.2503588974737734,1.2515224112464196
181,-1.4896105929111476,2.2251915457452274,6.202069438709431,1.7709306883764628,0.001886750237372171,-1.2541059578118396,1.2503654464253167
182,-1.4890118087555337,2.2234023325122085,6.1990812429680044,1.7727346928221408,0.0018921489593313877,-1.2577777044179164,1.2492331797564482
183,-1.4884108660130357,2.221608148713224,6.196083949070304,1.7743355184225023,0.0018974602803835299,-1.2610083824115161,1.2482485295098655
184,-1.4878076473508013,2.2198091259893085,6.193077568858266,1.7755976078925786,0.0019027132894245998,-1.2635170789108243,1.2475060947564565
185,-1.4872020811523758,2.2180053501049266,6.190062113940392,1.7764366570237367,0.0019079396836972696,-1.2651318570586056,1.2470639841937192
186,-1.486594145711225,2.21619685671649,6.187037597203221,1.776825418735369,0.0019131699120255557,-1.2657993053839074,1.246940530720586
187,-1.4859838673493504,2.214383633224113,6.184004033519153,1.7767920209491002,0.0019184298154030827,-1.2655796958472192,1.2471158403162264
188,-1.4853713132039994,2.2125656259701008,6.18096143950711,1.7764115388916595,0.0019237381026806168,-1.2646295709070885,1.2475375761454188
189,-1.484756579972711,2.2107427514977207,6.17790983261727,1.7757925254725149,0.0019291048694120311,-1.2631748626729609,1.2481299450919359
190,-1.4841397802610163,2.2089149102264822,6.174849230039436,1.7750607840580526,0.0019345312304959023,-1.2614784664935321,1.248804574652862
191,-1.4835210283129694,2.207082000761028,6.171779647912853,1.774342788403559,0.0019400100076879315,-1.2598064909747384,1.2494718628515145
192,-1.482900426824267,2.2052439331283904,6.168701101096742,1.7737508641597695,0.0019455273028743524,-1.2583971944746546,1.250051450559475
193,-1.482278056267822,2.2034006395064463,6.165613603473063,1.7733716852541213,0.0019510647051705166,-1.2574359611281718,1.2504806826667547
194,-1.4816539677488287,2.201552081418578,6.162517168531334,1.7732589766960711,0.0019566018296533687,-1.257038680113383,1.250720254546156
195,-1.4810281799100216,2.199698252866472,6.159411809912479,1.7734306945504437,0.001962118870677687,-1.2572447122320738,1.2507566357761846
196,-1.4804006798924192,2.197839179390092,6.156297541669791,1.7738704521889037,0.001967598873503027,-1.2580194106381373,1.250601272831009
197,-1.4797714278838547,2.195974913519373,6.153174378177419,1.7745325929463303,0.001973029481217663,-1.2592650523676614,1.2502869475901512
198,-1.4791403644087344,2.1941055274639734,6.150042333789267,1.7753500477089705,0.0019784039928144315,-1.2608381547456893,1.2498619681539758
199,-1.478507419264319,2.1922311041385356,6.146901422448423,1.776243932953208,0.001983721662391871,-1.2625705799254732,1.2493830637797743
200,-1.4778725209097607,2.190351727722481,6.1437516574391084,1.7771337332489419,0.0019889872662613786,-1.2642916127558426,1.2489079324620178
201,-1.4772356051635733,2.188467474905684,6.14059305138123,1.7779468907399236,0.0019942100514503017,-1.2658483281396857,1.2484883485390341
202,-1.4765966222451838,2.1865784077921826,6.13742561644592,1.7786267213502258,0.0019994022449596168,-1.267121999664956,1.2481645932592933
203,-1.4759555414747747,2.1846845691551913,6.134249364677182,1.7791378090461538,0.002004577340990052,-1.2680389649228667,1.247961749019133
204,-1.4753123532817725,2.1827859803991956,6.131064308276069,1.7794683801743914,0.0020097483908698625,-1.2685751571552202,1.2478881306788203
205,-1.4746670685215384,2.180882642233547,6.127870459741319,1.7796295804495825,0.0020149264995748812,-1.2687543328309996,1.2479358503279414
206,-1.4740197154195627,2.1789745377395398,6.124667831836901,1.779651995920125,0.0020201196892295544,-1.2686407709434437,1.2480832587942636
207,-1.4733703347171891,2.1770616372554064,6.121456437432627,1.779580102832035,0.0020253322315952455,-1.2683278097372699,1.2482988061528921
208,-1.4727189737576354,2.1751439043363825,6.118236289306536,1.7794655450935994,0.0020305644868628334,-1.2679239630065329,1.2485457341279371
209,-1.4720656803136103,2.1732213019824616,6.11500739999464,1.7793601990651238,0.002035813223122147,-1.2675384940579586,1.2487869650578354
210,-1.4714104969191875,2.1712937983640184,6.111769781734755,1.7793099041145086,0.002041072336625155,-1.2672682249292464,1.2489895840096743
211,-1.4707534563417883,2.169361371402142,6.108523446500089,1.779349549290852,0.0020463338525473817,-1.2671870534706349,1.2491284121650459
212,-1.4700945786377386,2.1674240117537575,6.1052684060797064,1.7794999583531244,0.002051589062758823,-1.2673391953676578,1.24918832273746
213,-1.4694338700054954,2.1654817239826714,6.102004672152008,1.7797667518153533,0.002056829652481188,-1.267736629663991,1.249165132668839
214,-1.4687713234150213,2.1635345259355336,6.098732256313024,1.78014111940138,0.002062048680896613,-1.2683606767462594,1.249065089844148
215,-1.4681069207788968,2.161582446557153,6.095451170052247,1.7806022303292186,0.0020672413092128914,-1.2691671444021333,1.2489031436518694
216,-1.4674406362644599,2.1596255225483225,6.0921614246971965,1.7811208533603236,0.0020724052089344104,-1.2700940953570923,1.2487003176159028
217,-1.4667724402427944,2.1576637943748365,6.088863031361748,1.7816636596744704,0.002077540627710488,-1.2710710554732332,1.248480583806888
218,-1.4661023033370761,2.1556973021710935,6.085556000927918,1.7821976436243898,0.0020826501341344723,-1.2720284114540137,1.248267664162661
219,-1.465430200067759,2.1537260820472657,6.082240344072264,1.7826941215902368,0.002087738100698858,-1.2729058349726365,1.248082155326724
220,-1.4647561116853678,2.1517501632154725,6.078916071326387,1.783131855459951,0.002092810011462617,-1.2736587924364948,1.2479392991669336
221,-1.464080027916932,2.149769566214027,6.075583193147003,1.7834989853017595,0.002097871695126629,-1.274262517464305,1.2478476137565586
222,-1.4634019475092759,2.1477843023499608,6.072241719969469,1.7837936277538442,0.0021029285845956917,-1.2747131895546366,1.2478084752038932
223,-1.4627218776103328,2.1457943743199905,6.068891662228594,1.784023178070511,0.0021079850918468606,-1.2750264282282617,1.247816616018671
224,-1.4620398321689225,2.143799777828642,6.065533030345582,1.7842025181095387,0.002113044164817505,-1.2752335323171002,1.2478613960221985
225,-1.4613558296384621,2.141800503915244,6.062165834692944,1.7843514566546588,0.0021181070646808507,-1.2753761334542921,1.2479286193852523
226,-1.460669890330811,2.1397965416392344,6.058790085554686,1.7844917973506242,0.0021231733713944,-1.2755000686772169,1.2480026240421438
227,-1.459982033779163,2.137787880759605,6.055405793096425,1.7846444386929687,0.002128241196645094,-1.2756493015299202,1.2480683603328657
228,-1.4592922764360639,2.1357745140769717,6.05201296735187,1.7848268655417028,0.0021333075596256293,-1.2758606406822959,1.2481132022045038
229,-1.4586006299622338,2.1337564391776693,6.048611618223243,1.7850513055818575,0.002138368864813053,-1.2761598389466182,1.248128290288797
230,-1.4579071002658082,2.1317336594165046,6.045201755487917,1.7853237137481865,0.0021434214135244573,-1.2765594316498086,1.2481092822095086
231,-1.4572116873440466,2.129706184083929,6.0417833888032515,1.7856436298577414,0.0021484618826051027,-1.27705842451368,1.2480564703690966
232,-1.456514385874855,2.1276740278099013,6.038356527705536,1.7860048443032657,0.002153487713343481,-1.277643700609362,1.2479743098990248
233,-1.4558151864164617,2.1256372093474694,6.034921181604313,1.7863967151491764,0.002158497369748359,-1.278292812957512,1.2478704693344334
234,-1.4551140770100481,2.1235957499441382,6.031477359776999,1.7868059152666678,0.002163490445192181,-1.2789776859634467,1.2477545662667566
235,-1.4544110449478573,2.121549671542422,6.028025071369241,1.7872183549454175,0.002168467617311848,-1.2796686779672757,1.2476367752207729
236,-1.4537060784696383,2.119498995051135,6.024564325403878,1.787621025112334,0.00217343047023726,-1.2803384612721782,1.24752649431219
237,-1.452999168180403,2.117443738898747,6.021095130797411,1.7880035369739207,0.0021783812183393254,-1.280965248071333,1.2474312331606896
238,-1.452290308036027,2.115383918025921,6.017617496379538,1.7883591902657499,0.0021833223751896707,-1.2815350157391174,1.2473558421086217
239,-1.4515794958114356,2.113319543405031,6.014131430910115,1.788685475925075,0.0021882564145298982,-1.2820425425704154,1.2473021489698866
240,-1.450866733039135,2.111250622100062,6.010636943089171,1.78898399936513,0.0021931854669189283,-1.2824912325175877,1.2472690120819863
241,-1.4501520244739925,2.1091771578107106,6.007134041558396,1.7892598864461682,0.0021981110873573223,-1.2828918627417885,1.2472527449383541
242,-1.4494353771952564,2.107099151788043,6.003622734895453,1.7895207956886254,0.0022030341170266475,-1.2832605122455396,1.2472478245775243
243,-1.4487167994929557,2.1050166039718956,6.000103031604457,1.7897757000251233,0.0022079546483082684,-1.2836160104278296,1.2472477677565763
244,-1.4479962997000837,2.102929514185265,5.996574940106093,1.7900336159484664,0.0022128720883038003,-1.2839772746855198,1.247246048026085
245,-1.4472738851244193,2.1008378832283174,5.993038468729799,1.790302447787801,0.002217785303982833,-1.2843608867536602,1.2472369330373212
246,-1.4465495612073367,2.098741713741443,5.98949362570885,1.7905880839637711,0.0022226928231550334,-1.284779195199743,1.2472161424608608
247,-1.4458233309965147,2.0966410107479203,5.9859404191777195,1.790893836692129,0.0022275930606098534,-1.28523913804724,1.247181258812624
248,-1.445095194971475,2.0945357818357313,5.982378857170752,1.7912202641393267,0.002232484538208722,-1.285741869661369,1.2471318612171878
249,-1.4443651512121414,2.092426036987936,5.978808947621367,1.7915653617871137,0.002237366071221849,-1.2862831652286584,1.2470693903727792
250,-1.4436331958574478,2.0903117881153124,5.975230698361864,1.7919250641927955,0.0022422368999473275,-1.2868544787699676,1.2469967867448695
251,-1.4428993237684904,2.088193048378456,5.971644117124441,1.7922939643312394,0.002247096754523441,-1.287444457916862,1.2469179693778365
252,-1.442163529292069,2.0860698314058745,5.9680492115441135,1.7926661383814337,0.0022519458505372396,-1.2880406778402929,1.2468372371436942
253,-1.4414258070168973,2.0839421505185074,5.964445989163791,1.7930359603162487,0.0022567848221827507,-1.28863135019852,1.2467586768387662
254,-1.4406861524254249,2.0818100180603922,5.960834457440969,1.7933988021469731,0.0022616146072239884,-1.2892067885502354,1.246685654003521
255,-1.439944562366468,2.0796734449125536,5.957214623754921,1.7937515395756,0.002266436303008178,-1.2897604632019313,1.246620444758939
256,-1.4392010353038198,2.077532440236542,5.953586495412916,1.7940928151254854,0.002271251014828571,-1.2902895469659326,1.2465640433910075
257,-1.4384555713291256,2.0753870114600983,5.949950079654373,1.7944230466884623,0.00227605971703548,-1.2907949283903983,1.2465161544594316
258,-1.4377081719589961,2.0732371644848366,5.946305383652452,1.7947442038246828,0.002280863143829964,-1.291280740369725,1.2464753534316309
259,-1.4369588397626016,2.0710829040687475,5.942652414513215,1.7950594025903719,0.0022856617212795244,-1.2917535106885594,1.2464393793730544
260,-1.4362075778838905,2.0689242343177856,5.938991179273143,1.7953723888501865,0.0022904555457185774,-1.2922210805220016,1.2464055093348136
261,-1.4354543895305145,2.0667611592124664,5.935321684895871,1.7956869881908064,0.002295244407162746,-1.292691453746758,1.2463709580088356
262,-1.4346992774993603,2.0645936830974843,5.931643938268955,1.796006597637421,0.002300027850620613,-1.2931717339698179,1.246333248059539
263,-1.433942243797452,2.062421811073675,5.927957946201156,1.796333781817968,0.0023048052638523216,-1.2936672802340343,1.2462905053607365
264,-1.4331832893991607,2.0602455492499057,5.924263715420491,1.7966700166388667,0.0023095759776895577,-1.2941811716375011,1.2462416473814741
265,-1.4324224141590476,2.058064904834669,5.920561252573033,1.7970156001729432,0.0023143393645956864,-1.29471402223927,1.246186449886988
266,-1.4316596168774678,2.055879886070051,5.916850564222549,1.797369726736445,0.0023190949226695587,-1.2952641377876928,1.2461254944626354
267,-1.430894895496216,2.0536905020312384,5.913131656850908,1.7977306991396935,0.002323842335333866,-1.2958279616099593,1.2460600148223477
268,-1.430128247386436,2.0514967623303484,5.9094045368594,1.798096238307008,0.002328581501027441,-1.2964007237896622,1.2459916715497954
269,-1.4293596696822815,2.049298676772504,5.905669210570896,1.7984638404178244,0.002333312531695474,-1.296977188871634,1.245922291652679
270,-1.4285891596120104,2.047096255014035,5.901925684232689,1.7988311300319668,0.0023380357230973186,-1.2975523940422318,1.245853610616976
271,-1.4278167147829437,2.0448895062679093,5.898173964019737,1.799196162872146,0.0023427515034250847,-1.2981222809804067,1.245787050870284
272,-1.4270423333868023,2.042678439091157,5.894414056037831,1.799557642823806,0.0023474603690161523,-1.2986841476567612,1.2457235626215812
273,-1.4262660143055552,2.040463061275029,5.890645966326293,1.7999150323154616,0.0023521628168706996,-1.2992368770564102,1.2456635423949258
274,-1.4254877571129365,2.03824337984311,5.886869700859836,1.800268551336179,0.002356859283243889,-1.299780933424036,1.245606832847912
275,-1.4247075619811065,2.03601940114778,5.883085265549453,1.800619075634183,0.002361550095933356,-1.3003181484165043,1.2455527963263435
276,-1.4239254295136883,2.033791131043189,5.879292666242405,1.8009679571270503,0.002366235445376068,-1.30085134542106,1.2455004454895224
277,-1.4231413605342875,2.031558575104697,5.875491908721517,1.8013167978259186,0.002370915376701541,-1.3013838673911677,1.2454486082628335
278,-1.4223553558628736,2.029321738861251,5.871682998704056,1.801667211876632,0.002375589801894868,-1.3019190803383256,1.2453961018898063
279,-1.4215674161110574,2.027080628008487,5.867865941840482,1.8020206086762383,0.0023802585286085086,-1.3024599211545955,1.2453418919637471
280,-1.4207775415219235,2.0248352485758625,5.864040743713362,1.802378024106121,0.002384921300252744,-1.3030085460990235,1.245285216556269
281,-1.4199857318717553,2.0225856070296824,5.860207409836529,1.8027400179496251,0.002389577840954171,-1.3035661175618976,1.2452256620635538
282,-1.4191919864410945,2.020331710304168,5.856365945654691,1.8031066449893651,0.002394227898908888,-1.3041327446438182,1.2451631851097211
283,-1.4183963040525822,2.0180735657630624,5.852516356543472,1.8034774967084124,0.002398871282443306,-1.3047075709985823,1.2450980826073987
284,-1.4175986831642877,2.0158111811033974,5.84865864780996,1.8038518013299385,0.0024035078845970922,-1.3052889841933113,1.2450309188549724
285,-1.4167991220007952,2.013544564219768,5.8447928246936875,1.8042285632418429,0.0024081376939609333,-1.3058749068991546,1.2449624235087775
286,-1.4159976187008674,2.011273723051108,5.840918892367986,1.8046067193139688,0.00241276079156861,-1.3064631229022172,1.2448933769161563
287,-1.415194171460214,2.0089986654323173,5.837036855941598,1.8049852894322518,0.0024173773355300335,-1.3070515906357394,1.2448244994710755
288,-1.414388778650537,2.0067193989703926,5.833146720460336,1.805363501458077,0.00242198753661729,-1.30763870305003,1.2447563595670452
289,-1.4135814389009613,2.0044359309596063,5.829248490908651,1.8057408761113036,0.0024265916289323225,-1.3082234637450232,1.2446893108588153
290,-1.412772151134346,2.002148268343657,5.825342172210905,1.80611726405667,0.0024311898400831145,-1.3088055634606919,1.2446234645778986
291,-1.411960914557765,1.9998564177256324,5.821427769232308,1.8064928346703824,0.002435782364968705,-1.3093853560067323,1.2445586973664824
292,-1.4111477286127423,1.997560385420043,5.817505286779402,1.8068680225815492,0.0024403693463974085,-1.3099637464531257,1.2444946902282261
293,-1.4103325928957746,1.9952601775360117,5.813574729600204,1.8072434432540068,0.0024449508645497517,-1.3105420151105087,1.2444309903786088
294,-1.4095155070627374,1.9929558000774532,5.809636102384027,1.8076197920362167,0.0024495269359087286,-1.3111216073540612,1.2443670854255018
295,-1.4086964707317162,1.9906472590450672,5.805689409761143,1.8079977420052005,0.0024540975209343886,-1.3117039211685149,1.2443024786148449
296,-1.4078754833976619,1.9883345605261118,5.801734656302403,1.8083778546493756,0.002458662538630387,-1.312290121594688,1.2442367547823352
297,-1.4070525443694248,1.986017710760877,5.797771846518896,1.8087605143654424,0.0024632218853790767,-1.3128810048507265,1.24416962888092
298,-1.406227652735681,1.9836967161789811,5.793800984861788,1.80914589345242,0.0024677754550802566,-1.313476925958898,1.2441009720956409
299,-1.4054008073617088,1.9813715834033665,5.789822075722341,1.80953394949151,0.0024723231577123157,-1.3140777937283734,1.244030814084729
300,-1.4045720069145737,1.9790423192244917,5.785835123432191,1.8099244523909035,0.002476864933921347,-1.3146831273574073,1.2439593232916657
301,-1.4037412499106068,1.9767089305510708,5.781840132263855,1.8103170345704318,0.002481400764001578,-1.3152921610185802,1.2438867700956369
302,-1.4029085347765735,1.9743714243463433,5.777837106431428,1.8107112552014963,0.0024859306705495815,-1.3159039774929338,1.2438134794781952
303,-1.402073859914853,1.97202980756002,5.77382605009146,1.8111066683467414,0.0024904547150150147,-1.3165176497266344,1.2437397806970285
304,-1.4012372237632864,1.9696840870657086,5.769806967343866,1.811502885256733,0.0024949729891835864,-1.317132370079976,1.243665961173246
305,-1.4003986248419664,1.9673342696119653,5.765779862232846,1.811899622808328,0.0024994856032333522,-1.3177475506621716,1.2435922305389369
306,-1.3995580617817502,1.9649803617924935,5.761744738747707,1.8122967327251231,0.002503992672332838,-1.3183628836854324,1.2435186988408287
307,-1.3987155333322863,1.9626223700378556,5.757701600823553,1.8126942093794505,0.0025084943037604166,-1.318978357341018,1.2434453705667092
308,-1.39787103835038,1.9602603006278818,5.753650452341782,1.8130921771385549,0.0025129905862826796,-1.3195942292614338,1.2433721538223974
309,-1.3970245757721633,1.957894159721168,5.7495912971303955,1.8134908609568285,0.0025174815830472765,-1.3202109653018819,1.243298881955024
310,-1.3961761445744443,1.9555239533960311,5.745524138964167,1.8138905458795782,0.0025219673286530817,-1.3208291554263254,1.2432253434543128
311,-1.3953257437316195,1.9531496876962164,5.741448981564669,1.8142915321301045,0.0025264478304146635,-1.3214494205477334,1.2431513152038498
312,-1.39447337217454,1.9507713686746198,5.737365828600266,1.8146940924260915,0.0025309230732570684,-1.3220723240974124,1.243076594157344
313,-1.3936190287568602,1.9483890024291797,5.733274683686083,1.8150984372358647,0.0025353930272281736,-1.3226983001414117,1.2430010231931021
314,-1.3927627122328434,1.9460025951267241,5.72917555038401,1.815504692040757,0.0025398576563365736,-1.323327606440487,1.2429245081075901
315,-1.3919044212486296,1.943612153012623,5.725068432202823,1.8159128886131009,0.002544316927368791,-1.3239603065796697,1.2428470242280998
316,-1.3910441543469125,1.9412176824062664,5.720953332598384,1.8163229701818744,0.002548770817455777,-1.3245962808620013,1.242768612709888
317,-1.3901819099831159,1.9388191896843647,5.71683025497396,1.8167348084387953,0.002553219319452551,-1.3252352616885452,1.242689368012151
318,-1.3893176865497237,1.9364166812555759,5.712699202680663,1.8171482288770302,0.0025576624445839517,-1.3258768861307164,1.2426094191399173
319,-1.3884514824046081,1.93401016353085,5.708560179017934,1.817563040133247,0.0025621002222412444,-1.326520756713823,1.2425289078592083
320,-1.3875832958990184,1.9315996428940745,5.704413187234132,1.8179790628489136,0.002566532697222684,-1.327166501126407,1.2424479672183075
321,-1.3867131254013558,1.9291851256771322,5.700258230527072,1.818396154064631,0.0025709599250437047,-1.3278138226164615,1.2423667033471641
322,-1.3858409693138096,1.9267666181424867,5.69609531204458,1.818814224162756,0.0025753819661519356,-1.3284625349208135,1.2422851827694537
323,-1.3849668260802013,1.9243441264750671,5.691924434884965,1.8192332446991129,0.0025797988799617644,-1.3291125783241702,1.2422034264801152
324,-1.3840906941847753,1.9219176567837524,5.687745602097429,1.8196532469031752,0.002584210719559759,-1.3297640164219118,1.2421214109718637
325,-1.3832125721429653,1.919487215111386,5.683558816682375,1.8200743119515774,0.0025886175277643015,-1.3304170158982638,1.2420390754055877
326,-1.3823324584861962,1.9170528074511497,5.679364081591641,1.820496555171702,0.002593019334966282,-1.3310718137987383,1.2419563333316397
327,-1.3814503517434247,1.914614439766434,5.675161399728675,1.820920106979226,0.0025974161588874795,-1.3317286781034947,1.2418730868804406
328,-1.3805662504223277,1.912172118011119,5.670950773948664,1.8213450935450877,0.0026018080061126713,-1.3323878677936238,1.2417892411907605
329,-1.3796801529928222,1.909725848147409,5.666732207058631,1.8217716199387552,0.0026061948750158454,-1.3330495980790609,1.2417047170223405
330,-1.3787920578750177,1.90727563615897,5.662505701817569,1.8221997578848297,0.00261057675953378,-1.3337140151891922,1.2416194599487618
331,-1.3779019634328822,1.9048214880579994,5.658271260936594,1.8226295394141763,0.0026149536531795714,-1.334381183354485,1.2415334451615134
332,-1.377009867973973,1.902363409885835,5.654028887079123,1.823060956736759,0.0026193255527060958,-1.3350510846353831,1.2414466776272892
333,-1.3761157697546966,1.8999014077076586,5.649778582861156,1.8234939677559738,0.002623692460933246,-1.3357236303824536,1.241359188019464
334,-1.3752196669898271,1.8974354876026367,5.645520350851543,1.8239285058983654,0.00262805438841907,-1.336398681576088,1.241271025405144
335,-1.3743215578645367,1.8949656556513577,5.641254193572344,1.8243644924557068,0.002632411353845843,-1.337076074315902,1.241182248030137
336,-1.3734214405469933,1.8924919179226332,5.636980113499199,1.8248018494466458,0.002636763383188414,-1.3377556463457614,1.2410929136909665
337,-1.3725193131996893,1.8900142804616293,5.632698113061703,1.8252405111271395,0.0026411105078949825,-1.338437260759255,1.2410030710964914
338,-1.3716151739880162,1.8875327492809209,5.628408194643769,1.825680432648441,0.0026454527624328607,-1.3391208237987122,1.240912753348944
339,-1.3707090210851325,1.8850473303554962,5.624110360583986,1.826121594908914,0.0026497901816074014,-1.3398062947938603,1.2408219742668258
340,-1.3698008526727863,1.8825580296220854,5.6198046131759245,1.826564005279464,0.002654122798055144,-1.340493687593813,1.2407307277986224
341,-1.3688906669383631,1.8800648529825332,5.6154909546684095,1.8270076944968914,0.002658450640254281,-1.3411830641117644,1.2406389903153237
342,-1.3679784620689401,1.8775678063103884,5.611169387265754,1.8274527105406804,0.0026627737312834286,-1.3418745216728256,1.2405467251771718
343,-1.3670642362434764,1.8750668954595047,5.606839913127946,1.827899110652997,0.002667092088439608,-1.342568176560353,1.2404538887090588
344,-1.366147987624434,1.8725621262732681,5.602502534370838,1.8283469528218257,0.0026714057236852527,-1.3432641464810544,1.2403604365955
345,-1.3652297143500762,1.8700535045931141,5.598157253066289,1.8287962879913253,0.002675714644785523,-1.343962534549406,1.2402663297446992
346,-1.364309414528477,1.8675410362652174,5.593804071242338,1.8292471540399617,0.0026800188569078088,-1.344663416927721,1.2401715388362877
347,-1.3633870862339355,1.8650247271446065,5.58944299088337,1.8296995722157605,0.0026843183644115706,-1.3453668355325847,1.2400760470292038
348,-1.362462727506074,1.8625045830963936,5.585074013930301,1.830153546298442,0.0026886131725547347,-1.3460727963537074,1.239979850620676
349,-1.3615363363514958,1.859980609994248,5.5806971422807985,1.830609064344166,0.00269290328888177,-1.346781273079701,1.2398829577588533
350,-1.3606079107475173,1.8574528137166284,5.576312377789509,1.8310661025122679,0.0026971887241226803,-1.3474922149940447,1.2397853855808716
351,-1.3596774486472416,1.8549212001415571,5.571919722268323,1.8315246302250003,0.0027014694925228022,-1.348205557596453,1.2396871563369771
352,-1.3587449479851188,1.8523857751408577,5.567519177486636,1.8319846157899986,0.0027057456116087427,-1.348921234158826,1.2395882931548918
353,-1.3578104066821481,1.8498465445747645,5.5631107451716355,1.8324460316365365,0.0027100171014781144,-1.3496391864721446,1.2394888160847994
354,-1.356873822650008,1.847303514287677,5.558694427008551,1.832908858450638,0.0027142839837577966,-1.3503593733189936,1.2393887389662517
355,-1.3559351937936264,1.8447566901055923,5.554270224640947,1.8333730877236423,0.002718546280416239,-1.3510817756799605,1.2392880674866547
356,-1.3549945180119654,1.8422060778354576,5.549838139670944,1.8338387225016328,0.0027228040126098295,-1.3518063982435273,1.2391867985958704
357,-1.3540517931970846,1.839651683266388,5.545398173659455,1.834305776403925,0.002727057199729458,-1.3525332673654895,1.2390849212295496
358,-1.3531070172317752,1.8370935121724286,5.540950328126395,1.834774271219444,0.002731305858763193,-1.3532624261168316,1.2389824181114228
359,-1.352160187986246,1.8345315703163505,5.536494604550865,1.8352442335664518,0.0027355500040398017,-1.353993927419682,1.2388792682701322
360,-1.3512113033144266,1.8319658634538682,5.532031004371336,1.8357156911875694,0.002739789647351486,-1.354727826446176,1.2387754498393466
361,-1.3502603610504555,1.8293963973376628,5.527559528985812,1.8361886694481917,0.002744024798404045,-1.355464173444938,1.2386709427112397
362,-1.3493073590058404,1.8268231777206818,5.523080179751993,1.8366631885255753,0.0027482554654982582,-1.3562030079921459,1.23856573067318
363,-1.3483522949676354,1.8242462103583412,5.5185929579874555,1.8371392616253428,0.0027524816563224896,-1.35694435535407,1.2384598027703753
364,-1.3473951666977966,1.8216655010094476,5.514097864969824,1.8376168943822053,0.00275670337873035,-1.3576882252783826,1.2383531537729198
365,-1.3464359719336956,1.8190810554358623,5.50959490193696,1.8380960854172799,0.0027609206413949077,-1.3584346131535434,1.2382457837653682
366,-1.345474708389603,1.8164928794011075,5.505084070087151,1.8385768278572399,0.0027651334542548893,-1.3591835031338113,1.2381376970040492
367,-1.344511373758831,1.8139009786682485,5.500565370579328,1.8390591115021764,0.0027693418287078175,-1.3599348725861464,1.2380289002778877
368,-1.343545965716161,1.811305358997461,5.496038804533282,1.8395429252653286,0.0027735457775485495,-1.3606886970862653,1.237919401057841
369,-1.3425784819201734,1.8087060261436967,5.491504373029862,1.840028259504186,0.0027777453146836557,-1.3614449551852035,1.237809205723872
370,-1.3416089200151502,1.8061029858548086,5.486962077111199,1.8405151079166924,0.002781940454686287,-1.3622036322800573,1.2376983181181966
371,-1.3406372776323139,1.8034962438703965,5.482411917780923,1.8410034687701151,0.002786131212271022,-1.362964723115669,1.237586738602925
372,-1.3396635523902818,1.8008858059215036,5.477853896004354,1.841493345348283,0.002790317601771543,-1.3637282326862246,1.2374744637108748
373,-1.3386877418947472,1.7982716777311578,5.473288012708694,1.841984745632077,0.0027944996366989095,-1.36449417556998,1.2373614863801397
374,-1.3377098437375012,1.7956538650156326,5.468714268783215,1.842477681330877,0.002798677329434164,-1.3652625739401523,1.2372477966845263
375,-1.3367298554950022,1.7930323734862066,5.464132665079428,1.842972166472061,0.002802850691090275,-1.3660334546769661,1.2371333829034104
376,-1.335747774726738,1.7904072088511502,5.4595432024112585,1.8434682157954443,0.0028070197315455563,-1.3668068460861367,1.237018232743603
377,-1.3347635989736384,1.7877783768176614,5.454945881555191,1.8439658432057733,0.00281118445962748,-1.3675827747408076,1.2369023345203178
378,-1.3337773257567618,1.785145883093505,5.450340703250445,1.844465060502971,0.002815344883407574,-1.3683612628946862,1.236785678129193
379,-1.332788952576414,1.7825097333881774,5.445727668199132,1.844965876547255,0.002819501010551229,-1.369142326785704,1.236668255688489
380,-1.3317984769117865,1.779869933413505,5.441106777066411,1.8454682969378444,0.0028236528486688083,-1.3699259759890277,1.2365500617901315
381,-1.3308058962211107,1.7772264888836742,5.436478030480663,1.845972324202866,0.002827800405615537,-1.3707122138126557,1.2364310933601352
382,-1.329811207942253,1.774579405514775,5.4318414290336685,1.8464779584206783,0.0028319436897021977,-1.371501038571207,1.2363113491881794
383,-1.3288144094936192,1.771928689024004,5.427196973280767,1.8469851981415835,0.002836082709792291,-1.3722924454694554,1.2361908292256363
384,-1.327815498275199,1.7692743451287076,5.422544663741052,1.8474940414439964,0.002840217475286113,-1.3730864287566584,1.2360695337784833
385,-1.326814471669586,1.7666163795454513,5.417884500897534,1.8480044869595222,0.0028443479960013744,-1.3738829838142315,1.2359474627217093
386,-1.3258113270428176,1.7639547979892816,5.413216485197339,1.8485165347189065,0.0028484742819800844,-1.3746821088756334,1.2358246148489016
387,-1.3248060617449289,1.7612896061733023,5.40854061705186,1.849030186712896,0.002852596343255503,-1.3754838061635857,1.2357009874388147
388,-1.3237986731101634,1.7586208098086278,5.403856896836947,1.8495454471159174,0.0028567141896190277,-1.3762880823397445,1.2355765760796888
389,-1.3227891584568363,1.7559484146047164,5.399165324893073,1.850062322169894,0.0028608278304184435,-1.3770949482626453,1.2354513747542484
390,-1.3217775150869029,1.753272426270032,5.394465901525482,1.850580819782043,0.002864937274416857,-1.3779044181646594,1.2353253761448801
391,-1.320763740285318,1.7505928505129364,5.38975862700436,1.851100948921236,0.002869042529725877,-1.3787165084209105,1.2351985720946868
392,-1.3197478313192972,1.747909693042691,5.385043501564987,1.8516227189225476,0.0028731436038160374,-1.3795312361336465,1.2350709541405713
393,-1.318729785437592,1.745222959570444,5.380320525407877,1.8521461388106397,0.0028772405035947094,-1.3803486177571336,1.2349425140333992
394,-1.3177095998698807,1.7425326558100929,5.375589698698948,1.8526712167391208,0.0028813332355359985,-1.381168667960245,1.234813244170363
395,-1.3166872718263485,1.7398387874789356,5.370851021569651,1.8531979596167198,0.002885421805835554,-1.3819913988701114,1.234683137884618
396,-1.3156627984974931,1.7371413602980732,5.366104494117132,1.8537263729567468,0.0028895062205679684,-1.3828168197701132,1.234552189563587
397,-1.3146361770541615,1.7344403799925558,5.3613501164043855,1.8542564609501828,0.002893586485821204,-1.3836449372520763,1.2344203945950483
398,-1.3136074046477813,1.7317358522913116,5.356587888460398,1.854788226728779,0.002897662607793202,-1.3844757557536074,1.2342877491663629
399,-1.312576478410732,1.729027782926918,5.351817810280319,1.8553216727619124,0.002901734592836159,-1.3853092783657597,1.2341542499597846
400,-1.3115433954567817,1.7263161776353022,5.3470398818256,1.8558568013145111,0.0029058024474512695,-1.386145507763191,1.2340198937996316
401,-1.3105081528815117,1.7236010421554482,5.342254103024168,1.8563936148934426,0.002909866178237829,-1.386984447109397,1.2338846773073175
402,-1.3094707477626666,1.7208823822291892,5.33746047377057,1.8569321166174948,0.002913925791806225,-1.3878261008056683,1.2337485966144257
403,-1.308431177160377,1.7181602036011399,5.332658993926127,1.8574723104644772,0.002917981294675674,-1.3886704749899152,1.2336116471700187
404,-1.3073894381172306,1.7154345120187957,5.327849663319095,1.8580142013708703,0.0029220326931697293,-1.3895175777360995,1.2334738236615461
405,-1.3063455276581906,1.7127053132328038,5.323032481744805,1.858557795184364,0.002926079993326074,-1.39036741895554,1.2333351200494835
406,-1.305299442790381,1.7099726129973805,5.318207448965823,1.8591030984897696,0.0029301232008336763,-1.3912200100421162,1.2331955297002484
407,-1.3042511805027819,1.7072364170708318,5.3133745647120785,1.859650118348765,0.0029341623210021425,-1.3920753633437442,1.233055045586351
408,-1.303200737765878,1.704496731216126,5.308533828681023,1.8601988619980423,0.002938197358767021,-1.3929334915505969,1.2329136605194524
409,-1.3021481115313145,1.701753561201458,5.3036852405377655,1.8607493365555337,0.002942228318723343,-1.3937944071006854,1.2327713673778717
410,-1.301093298731602,1.6990069128007594,5.298828799915206,1.861301548777169,0.0029462552051834076,-1.3946581216885958,1.2326281592955457
411,-1.300036296279906,1.6962567917941165,5.293964506414195,1.8618555048951293,0.0029502780222465793,-1.3955246459397412,1.232484029788239
412,-1.2989771010699356,1.6935032039680744,5.289092359603654,1.862411210553796,0.0029542967738678282,-1.3963939892825445,1.23233897280417
413,-1.2979157099759326,1.690746155115831,5.284212359020735,1.8629686708413942,0.0029583114639187913,-1.3972661600141132,1.232192982700342
414,-1.2968521198527467,1.687985651037331,5.279324504170945,1.86352789040538,0.002962322096228523,-1.398141165534902,1.2320460541535905
415,-1.2957863275359713,1.6852216975392948,5.274428794528306,1.8640888736247252,0.0029663286746041415,-1.3990190126978095,1.231898182027047
416,-1.294718329842108,1.6824543004352128,5.269525229535486,1.8646516248093263,0.0029703312028277196,-1.3998997082114335,1.2317493612150177
417,-1.2936481235687247,1.679683465545346,5.264613808603954,1.8652161483925258,0.0029743296846330845,-1.4007832590287261,1.2315995864927487
418,-1.2925757054945788,1.6769091986967652,5.259694531114105,1.8657824490906725,0.0029783241236661416,-1.4016696726685125,1.2314488523914147
419,-1.2915010723796854,1.6741315057234534,5.254767396415423,1.8663505320082396,0.00298231452344043,-1.4025589574266832,1.2312971531152073
420,-1.290424220965317,1.671350392466483,5.249832403826601,1.8669204026796435,0.0029863008872890668,-1.4034511224594373,1.2311444825075846
421,-1.2893451479739366,1.6685658647742707,5.244889552635702,1.8674920670467703,0.002990283218326505,-1.4043461777368251,1.2309908340676579
422,-1.2882638501090726,1.6657779285028962,5.2399388421002815,1.8680655313823098,0.0029942615194193663,-1.4052441338872157,1.230836201008989
423,-1.2871803240551525,1.6629865895164684,5.234980271447535,1.8686408021752527,0.0029982357931746984,-1.406145001965824,1.2306805763481865
424,-1.2860945664773191,1.6601918536875122,5.230013839874424,1.8692178860010824,0.003002206041940915,-1.4070487931928444,1.2305239530057577
425,-1.285006574021249,1.657393726897354,5.225039546547827,1.8697967893946048,0.003006172267824751,-1.4079555186973427,1.2303663239052298
426,-1.2839163433129934,1.6545922150364805,5.22005739060466,1.8703775187459646,0.003010134472716176,-1.4088651893082624,1.2302076820544183
427,-1.2828238709588562,1.6517873240048573,5.215067371152023,1.870960080232802,0.0030140926583193226,-1.4097778154184892,1.2300480205986286
428,-1.281729153545316,1.6489790597121978,5.210069487267331,1.8715444797942948,0.00301804682618267,-1.4106934069333859,1.229887332841173
429,-1.2806321876389912,1.646167428078183,5.205063737998453,1.8721307231472655,0.0030219969777252912,-1.4116119733039785,1.2297256122309363
430,-1.2795329697866433,1.6433524350326392,5.200050122363844,1.8727188158372912,0.0030259431142549906,-1.4125335236304344,1.2295628523224078
431,-1.2784314965152044,1.6405340865156859,5.19502863935268,1.8733087633145071,0.003029885236975666,-1.4134580668149632,1.229399046716173
432,-1.277327764331817,1.6377123884778728,5.189999287925013,1.8739005710198935,0.0030338233469864285,-1.414385611735498,1.2292341889909686
433,-1.2762217697238702,1.6348873468803184,5.184962067011882,1.8744942444680963,0.003037757445268643,-1.4153161674121137,1.229068272638223
434,-1.2751135091590189,1.6320589676948696,5.1799169755154715,1.8750897893149128,0.0030416875326701345,-1.4162497431423584,1.2289012910084551
435,-1.2740029790851786,1.6292272569042878,5.174864012309231,1.8756872114018046,0.0030456136098829297,-1.4171863485902536,1.22873323727557
436,-1.2728901759304898,1.6263922205024723,5.16980317623803,1.876286516771529,0.0030495356774237186,-1.4181259938171853,1.2285641044238016
437,-1.2717750961032526,1.6235538644947156,5.164734466118276,1.876887711657049,0.0030534537356148007,-1.4190686892591673,1.228393885255663
438,-1.270657735991836,1.62071219489799,5.159657880738066,1.877490802447188,0.0030573677845736427,-1.4200144456575106,1.2282225724182805
439,-1.26953809196457,1.6178672177412527,5.154573418857306,1.878095795636392,0.0030612778242054433,-1.420963273957788,1.2280501584423398
440,-1.2684161603696293,1.6150189390657637,5.149481079207866,1.878702697768273,0.003065183854205883,-1.4219151851965033,1.227876635786096
441,-1.2672919375349192,1.6121673649253982,5.144380860493692,1.8793115153813962,0.003069085874066864,-1.4228701903924796,1.2277019968777392
442,-1.2661654197679717,1.6093125013869523,5.13927276139096,1.8799222549655346,0.003072983883088937,-1.4238283004594052,1.227526234149634
443,-1.2650366033558575,1.6064543545304268,5.1341567805482065,1.8805349229335635,0.003076877880393341,-1.4247895261498398,1.227349340060302
444,-1.2639054845651174,1.6035929304492937,5.129032916586453,1.8811495256117818,0.0030807678649362705,-1.4257538780362093,1.227171307101882
445,-1.262772059641712,1.6007282352507382,5.123901168099362,1.881766069248269,0.003084653835518873,-1.4267213665279086,1.226992127793336
446,-1.2616363248109876,1.5978602750558852,5.118761533653355,1.8823845600360485,0.0030885357907952595,-1.427692001917987,1.2268117946618862
447,-1.260498276277652,1.5949890560000144,5.113614011787758,1.8830050041461923,0.003092413729274523,-1.428665794449624,1.2266303002165024
448,-1.259357910225755,1.5921145842327697,5.108458601014943,1.8836274077653934,0.0030962876493195153,-1.4296427543914056,1.226447636917749
449,-1.258215222818666,1.589236865918374,5.1032952998204575,1.8842517771307714,0.0031001575491411263,-1.43062289210694,1.2262637971497181
450,-1.2570702101990445,1.586355907235851,5.098124106663165,1.8848781185591779,0.0031040234267905044,-1.4316062181133549,1.2260787731962264
451,-1.255922868488798,1.5834717143792632,5.092945019975386,1.8855064384644442,0.0031078852801480587,-1.4325927431156096,1.2258925572265156
452,-1.2547731937890274,1.5805842935579646,5.087758038163032,1.8861367433635505,0.003111743106915013,-1.4335824780186361,1.2257051412897013
453,-1.2536211821799592,1.577693650996871,5.082563159605748,1.8867690398711117,0.003115596904605283,-1.4345754339161405,1.2255165173185034
454,-1.2524668297208652,1.5747997929367428,5.077360382657053,1.887403334683054,0.0031194466705393798,-1.4355716220578683,1.2253266771415916
455,-1.2513101324499767,1.5719027256344769,5.072149705644468,1.8880396345555401,0.0031232924018419605,-1.436571053807461,1.2251356124997503
456,-1.2501510863843939,1.5690024553634054,5.066931126869673,1.8886779462802463,0.0031271340954426925,-1.4375737405931184,1.224943315065019
457,-1.2489896875199962,1.5660989884135925,5.061704644608632,1.8893182766607628,0.0031309717480781144,-1.4385796938605977,1.2247497764589887
458,-1.2478259318313585,1.5631923310921274,5.056470257111732,1.8899606324956426,0.0031348053562972743,-1.4395889250395522,1.224554988265858
459,-1.2466598152716721,1.5602824897234107,5.0512279626039405,1.8906050205656235,0.0031386349164661226,-1.4406014455182388,1.224358942042203
460,-1.245491333772676,1.5573694706494319,5.045977759284931,1.8912514476312714,0.0031424604247735372,-1.4416172666390321,1.2241616293184432
461,-1.2443204832445949,1.5544532802300388,5.0407196453292284,1.8918999204368465,0.0031462818772351898,-1.4426363997063318,1.2239630415953329
462,-1.2431472595760829,1.5515339248432005,5.035453618886362,1.8925504457207567,0.003150099269696172,-1.4436588560075587,1.2237631703351681
463,-1.241971658634173,1.5486114108852662,5.03017967808099,1.8932030302302851,0.003153912597831276,-1.444684646842615,1.22356200694953
464,-1.2407936762642262,1.5456857447712242,5.02489782101306,1.893857680737311,0.0031577218571437107,-1.445713783555267,1.2233595427861843
465,-1.239613308289881,1.542756932934963,5.019608045757949,1.8945144040540791,0.003161527042961996,-1.4467462775645545,1.2231557691158912
466,-1.2384305505129967,1.5398249818295386,5.014310350366606,1.8951732070442429,0.0031653281504353406,-1.4477821403867663,1.222950677122947
467,-1.2372453987135923,1.5368898979274488,5.009004732865701,1.89583409663033,0.003169125174529295,-1.448821383650249,1.222744257898567
468,-1.2360578486497804,1.5339516877209156,5.00369119125777,1.8964970797959586,0.0031729181100207714,-1.4498640190997838,1.2225365024384427
469,-1.234867896057693,1.5310103577221765,4.998369723521368,1.8971621635826939,0.003176706951493485,-1.450910058590301,1.2223274016446073
470,-1.2336755366514045,1.5280659144637825,4.993040327611209,1.897829355083133,0.003180491693336131,-1.4519595140731414,1.2221169463303205
471,-1.232480766122849,1.5251183644989006,4.987703001458322,1.8984986614312667,0.00318427232973986,-1.4530123975769285,1.2219051272271741
472,-1.231283580141738,1.5221677144016206,4.982357742970199,1.8991700897919679,0.0031880488546981484,-1.4540687211867658,1.2216919349929078
473,-1.2300839743554786,1.5192139707672618,4.977004550030942,1.899843647351517,0.003191821262007937,-1.4551284970255174,1.221477360218426
474,-1.2288819443890904,1.5162571402126797,4.971643420501421,1.9005193413095745,0.003195589545270431,-1.4561917372380107,1.2212613934336591
475,-1.2276774858451296,1.5132972293765696,4.96627435221942,1.9011971788750908,0.00319935369789334,-1.4572584539830622,1.2210440251102739
476,-1.2264705943036136,1.5103342449197692,4.960897342999799,1.9018771672651344,0.0032031137130920915,-1.4583286594313036,1.2208252456620272
477,-1.2252612653219495,1.5073681935255574,4.9555123906346425,1.9025593137069037,0.0032068695838912064,-1.4594023657693183,1.2206050454425466
478,-1.2240494944348645,1.5043990818999529,4.950119492893415,1.9032436254422478,0.003210621303125105,-1.4604795852087373,1.2203834147410664
479,-1.2228352771543392,1.501426916772011,4.9447186475231195,1.903930109734468,0.00321436886343651,-1.4615603299998279,1.2201603437762998
480,-1.2216186089695389,1.498451704894123,4.939309852248457,1.9046187738749731,0.003218112257275675,-1.4626446124447683,1.219935822690399
481,-1.2203994853467461,1.4954734530423186,4.933893104771989,1.9053096251896209,0.0032218514768982114,-1.4637324449102809,1.2197098415431373
482,-1.2191779017292892,1.4924921680165701,4.928468402774286,1.9060026710432207,0.003225586514362623,-1.4648238398366051,1.219482390307558
483,-1.2179538535374694,1.4895078566411033,4.923035743914105,1.9066979188431314,0.003229317361526775,-1.465918809744665,1.2192534588663317
484,-1.2167273361684845,1.4865205257647127,4.917595125828536,1.9073953760389437,0.003233044010045538,-1.467017367235496,1.2190230370112687
485,-1.2154983449963503,1.4835301822610818,4.91214654613318,1.9080950501219387,0.0032367664513688926,-1.4681195249892345,1.2187911144430075
486,-1.2142668753718189,1.480536833029107,4.906690002422308,1.9087969486212608,0.003240484676738395,-1.4692252957576195,1.218557680773369
487,-1.213032922622296,1.4775404849932272,4.901225492269024,1.909501079100195,0.0032441986771875437,-1.4703346923567295,1.2183227255276208
488,-1.2117964820517575,1.474541145103753,4.89575301322544,1.9102074491515262,0.003247908443539462,-1.4714477276579205,1.2180862381474977
489,-1.2105575489406648,1.4715388203372006,4.8902725628228465,1.9109160663930154,0.003251613966407693,-1.4725644145790149,1.2178482079941322
490,-1.2093161185458825,1.4685335176966254,4.884784138571869,1.9116269384649467,0.003255315236194667,-1.4736847660795966,1.2176086243492978
491,-1.2080721861005963,1.465525244211956,4.879287737962657,1.912340073027952,0.0032590122430927256,-1.4748087951568647,1.217367476416431
492,-1.2068257468142316,1.462514006940329,4.873783358465054,1.9130554777625712,0.003262704977083852,-1.4759365148449124,1.2171247533202312
493,-1.2055767958723742,1.4594998129664247,4.86827099752876,1.913773160370487,0.0032663934279387402,-1.4770679382173122,1.2168804441048842
494,-1.2043253284366913,1.4564826694028026,4.86275065258353,1.9144931285765054,0.0032700775852165655,-1.4782030783911644,1.2166345377316645
495,-1.2030713396448522,1.4534625833902397,4.857222321039333,1.9152153901311137,0.003273757438263897,-1.479341948532273,1.2163870230760487
496,-1.2018148246104505,1.4504395620980701,4.851686000286544,1.9159399528135015,0.0032774329762125386,-1.4804845618612292,1.216137888924429
497,-1.2005557784229237,1.447413612724528,4.846141687696117,1.9166668244341796,0.003281104187978528,-1.4816309316586898,1.2158871239711377
498,-1.1992941961474728,1.4443847424970937,4.84058938061978,1.9173960128367593,0.0032847710622592157,-1.482781071269002,1.2156347168161385
499,-1.1980300728249804,1.4413529586728433,4.835029076390212,1.918127525899285,0.003288433587531896,-1.4839349941029374,1.215380655963072
