iteration,loss,grad_norm,x,y
0,58.5,10.0,-0.44999998807907104,-0.44999998807907104
1,44.678123474121094,10.0,-0.4000844657421112,-0.3999512493610382
2,33.32234573364258,10.0,-0.3503386676311493,-0.3498222231864929
3,24.154651641845703,10.0,-0.30087849497795105,-0.2995831370353699
4,16.91094398498535,10.0,-0.251858651638031,-0.2492072582244873
5,11.341529846191406,9.999999046325684,-0.20347949862480164,-0.19867248833179474
6,7.212030410766602,9.999999046325684,-0.1559862494468689,-0.14796337485313416
7,4.304863929748535,10.0,-0.10964351892471313,-0.09707384556531906
8,2.421492338180542,10.0,-0.06462638080120087,-0.04601242393255234
9,1.3853228092193604,9.999999046325684,-0.020481713116168976,0.005166444927453995
10,1.0436362028121948,2.2157700061798096,0.021699242293834686,0.050153180956840515
11,1.203905701637268,9.999999046325684,0.06261229515075684,0.08000792562961578
12,1.4576283693313599,10.0,0.10255361348390579,0.09774462878704071
13,1.5662717819213867,9.999998092651367,0.14224949479103088,0.10571860522031784
14,1.4664819240570068,10.0,0.18239088356494904,0.10576324164867401
15,1.194063425064087,9.999998092651367,0.22355835139751434,0.0993446409702301
16,0.846564769744873,10.0,0.2662566900253296,0.08770666271448135
17,0.5666504502296448,4.6823625564575195,0.30871593952178955,0.07482176274061203
18,0.5198321342468262,4.254264831542969,0.345724880695343,0.06607796996831894
19,0.7137418985366821,9.999999046325684,0.3719327747821808,0.06436905264854431
20,0.9415497183799744,9.999998092651367,0.38799920678138733,0.06854921579360962
21,1.0468494892120361,9.999999046325684,0.3950691819190979,0.07778499275445938
22,0.97894686460495,9.999998092651367,0.39436542987823486,0.09144280105829239
23,0.7774344086647034,9.999999046325684,0.38709381222724915,0.109044149518013
24,0.5420974493026733,9.617552757263184,0.374767005443573,0.130100280046463
25,0.40162861347198486,2.091787338256836,0.36318716406822205,0.15062908828258514
26,0.4405900239944458,5.474855899810791,0.35743460059165955,0.16675400733947754
27,0.5649475455284119,9.999999046325684,0.3598758578300476,0.17621314525604248
28,0.6278714537620544,9.999999046325684,0.36924174427986145,0.17966312170028687
29,0.5855498909950256,10.0,0.3846907913684845,0.1778123825788498
30,0.4675607681274414,8.333964347839355,0.4046754539012909,0.17219363152980804
31,0.3615201413631439,3.0616707801818848,0.42556288838386536,0.16594965755939484
32,0.35294270515441895,3.3515498638153076,0.4429994225502014,0.16232454776763916
33,0.42533302307128906,8.367616653442383,0.4532947242259979,0.16364872455596924
34,0.47383958101272583,9.999999046325684,0.4558562934398651,0.17015549540519714
35,0.4378405809402466,9.49056625366211,0.45198923349380493,0.1810571402311325
36,0.3543121814727783,5.589321613311768,0.44516298174858093,0.19407394528388977
37,0.3095219135284424,0.9031927585601807,0.43936073780059814,0.20648309588432312
38,0.3323938548564911,4.401210784912109,0.4379074275493622,0.21590274572372437
39,0.37422120571136475,7.208293437957764,0.44239652156829834,0.22107598185539246
40,0.3752411901950836,7.557951927185059,0.4524292051792145,0.222215473651886
41,0.33054035902023315,5.521273136138916,0.4660540521144867,0.2207837551832199
42,0.28637802600860596,1.8765429258346558,0.480311781167984,0.2189726084470749
43,0.28382766246795654,2.6407594680786133,0.4919407367706299,0.2190106362104416
44,0.3110014498233795,5.78466272354126,0.4985867142677307,0.22236445546150208
45,0.32018643617630005,6.736295700073242,0.49991872906684875,0.229195699095726
46,0.2930257022380829,5.202023506164551,0.49764496088027954,0.23840487003326416
47,0.26090875267982483,2.0292060375213623,0.4946449100971222,0.24813143908977509
48,0.2565794587135315,1.8305391073226929,0.49383172392845154,0.2564576268196106
49,0.27205172181129456,4.310466766357422,0.49705296754837036,0.26212698221206665
50,0.27565211057662964,5.008808612823486,0.5044860243797302,0.26499271392822266
51,0.2565309405326843,3.748755693435669,0.5147403478622437,0.2659964859485626
52,0.23558484017848969,1.2024997472763062,0.525408148765564,0.2667486369609833
53,0.2338958978652954,2.1157119274139404,0.5339285135269165,0.2688741683959961
54,0.24348442256450653,4.110959053039551,0.5386981964111328,0.2733297348022461
55,0.2412455528974533,4.328005313873291,0.5398404002189636,0.28001517057418823
56,0.2247713804244995,2.755704164505005,0.539055585861206,0.28788501024246216
57,0.2131965607404709,0.6377458572387695,0.5387482047080994,0.2954598069190979
58,0.21546782553195953,2.295447587966919,0.5409182906150818,0.301495224237442
59,0.2186817228794098,3.3557281494140625,0.5463003516197205,0.30552464723587036
60,0.2108568400144577,2.833847761154175,0.5541377663612366,0.30802178382873535
61,0.19888396561145782,1.119336485862732,0.5625890493392944,0.3101305663585663
62,0.19539353251457214,1.3927127122879028,0.5695682764053345,0.3131027817726135
63,0.198052316904068,2.83774733543396,0.5737714767456055,0.31768783926963806
64,0.19495531916618347,2.9202847480773926,0.5753483772277832,0.32378363609313965
65,0.18557381629943848,1.66314697265625,0.575753927230835,0.3305389881134033
66,0.18007566034793854,0.6571628451347351,0.5769156217575073,0.33682864904403687
67,0.18059802055358887,1.9408273696899414,0.5802138447761536,0.34184300899505615
68,0.17891912162303925,2.294006109237671,0.5858103036880493,0.3454872667789459
69,0.1720883548259735,1.4465042352676392,0.5926413536071777,0.34838682413101196
70,0.1667458862066269,0.5849367380142212,0.5990182757377625,0.3515147864818573
71,0.16612717509269714,1.742739200592041,0.6035591959953308,0.35564422607421875
72,0.16462936997413635,2.158055543899536,0.605975866317749,0.3609258532524109
73,0.15919998288154602,1.455095648765564,0.6071957945823669,0.3668389618396759
74,0.15463657677173615,0.5000212788581848,0.6087491512298584,0.3725316822528839
75,0.15345989167690277,1.3182220458984375,0.6118397116661072,0.37733396887779236
76,0.15156011283397675,1.6211520433425903,0.6166645884513855,0.3811376988887787
77,0.14702042937278748,0.9944890737533569,0.6223599314689636,0.3844248354434967
78,0.14345711469650269,0.5822651386260986,0.6275627017021179,0.38794246315956116
79,0.14218167960643768,1.3885362148284912,0.6312676668167114,0.3922291100025177
80,0.1398945152759552,1.5124772787094116,0.633455753326416,0.39728936553001404
81,0.1359361857175827,0.8414225578308105,0.6350563764572144,0.40262436866760254
82,0.13322904706001282,0.5750645995140076,0.6372868418693542,0.40758416056632996
83,0.13177098333835602,1.132696270942688,0.6408438682556152,0.41179805994033813
84,0.1291179358959198,1.0292388200759888,0.6454828381538391,0.41539862751960754
85,0.1258385330438614,0.4601909816265106,0.6502323746681213,0.4189011752605438
86,0.12385915219783783,0.8414155840873718,0.6540820002555847,0.4228329658508301
87,0.12214957922697067,1.1716948747634888,0.6566840410232544,0.42737090587615967
88,0.11935815215110779,0.8393821716308594,0.6585649847984314,0.4322408437728882
89,0.11679307371377945,0.417074590921402,0.6606989502906799,0.436940461397171
90,0.11514262109994888,0.7933031916618347,0.6637841463088989,0.441111296415329
91,0.11306629329919815,0.8119223117828369,0.6677609086036682,0.4447857737541199
92,0.11050799489021301,0.4286668002605438,0.6719008088111877,0.4483374059200287
93,0.1086183413863182,0.6483036279678345,0.6753790378570557,0.4521835148334503
94,0.10694165527820587,0.8947144150733948,0.6779003143310547,0.45647063851356506
95,0.10469573736190796,0.6444336771965027,0.6798955202102661,0.4609815776348114
96,0.10262978821992874,0.38867446780204773,0.6821439862251282,0.46532681584358215
97,0.10103245079517365,0.6374616622924805,0.6851468682289124,0.46925729513168335
98,0.09913534671068192,0.5843818783760071,0.6887545585632324,0.4728488624095917
99,0.09710903465747833,0.36616185307502747,0.6923255324363708,0.4764198660850525
100,0.09550155699253082,0.6081956028938293,0.6952686309814453,0.48026037216186523
101,0.09384597092866898,0.6805983185768127,0.6975225806236267,0.48439908027648926
102,0.09194997698068619,0.4278143048286438,0.6995744705200195,0.48859819769859314
103,0.09032050520181656,0.4084194600582123,0.7020185589790344,0.4925691485404968
104,0.08879975229501724,0.5252932906150818,0.705052375793457,0.49621716141700745
105,0.08707184344530106,0.38410744071006775,0.7083364129066467,0.49970731139183044
106,0.08548101037740707,0.40669378638267517,0.7113182544708252,0.5033054947853088
107,0.0840490460395813,0.5637455582618713,0.7137244939804077,0.5071418285369873
108,0.0824647918343544,0.45799750089645386,0.7157835960388184,0.5111069083213806
109,0.08093253523111343,0.3272046446800232,0.7179904580116272,0.5149657726287842
110,0.07955903559923172,0.42192542552948,0.7206470370292664,0.51857590675354
111,0.07809527218341827,0.37277087569236755,0.7236042618751526,0.5220086574554443
112,0.07664883881807327,0.3317038416862488,0.7264276742935181,0.5254690051078796
113,0.07533828169107437,0.4567737579345703,0.7288156747817993,0.5290979743003845
114,0.0739712119102478,0.4195186495780945,0.730871856212616,0.5328468680381775
115,0.07260599732398987,0.305002361536026,0.7329804301261902,0.5365369915962219
116,0.07135176658630371,0.35297730565071106,0.7354235053062439,0.5400378108024597
117,0.07006631791591644,0.33296021819114685,0.7381193041801453,0.5433879494667053
118,0.0687866136431694,0.3036925196647644,0.740726113319397,0.5467454791069031
119,0.06759531795978546,0.3895900547504425,0.7429927587509155,0.5502257347106934
120,0.06638123840093613,0.36334139108657837,0.744999885559082,0.5537916421890259
121,0.06517712771892548,0.2848489284515381,0.7470571398735046,0.557301938533783
122,0.06404288113117218,0.3122909665107727,0.7493773102760315,0.5606601238250732
123,0.06289386004209518,0.29251888394355774,0.7518691420555115,0.5639081597328186
124,0.06176465377211571,0.2898160517215729,0.7542517185211182,0.5671736598014832
125,0.06068874150514603,0.3455340564250946,0.7563565373420715,0.5705326199531555
126,0.059600088745355606,0.309200257062912,0.7582947611808777,0.5739350318908691
127,0.058537181466817856,0.26640838384628296,0.7603210210800171,0.5772668123245239
128,0.05751345679163933,0.282297819852829,0.7625553011894226,0.5804746747016907
129,0.0564831905066967,0.2617495656013489,0.7648653388023376,0.5836181640625
130,0.05548454076051712,0.28325071930885315,0.7670266628265381,0.5867973566055298
131,0.05451144650578499,0.30654048919677734,0.7689722180366516,0.5900420546531677
132,0.05353670194745064,0.26453524827957153,0.7708542943000793,0.5932849049568176
133,0.052594512701034546,0.25293242931365967,0.7728614807128906,0.5964429378509521
134,0.05166793614625931,0.2540324628353119,0.7750073671340942,0.5995106101036072
135,0.05074843019247055,0.24676938354969025,0.7771286368370056,0.6025599241256714
136,0.04985906183719635,0.2745431065559387,0.7790818810462952,0.6056538224220276
137,0.048977676779031754,0.2649056315422058,0.7809050679206848,0.608775794506073
138,0.04811011254787445,0.23679490387439728,0.7827610969543457,0.6118550300598145
139,0.04726668819785118,0.23849651217460632,0.7847409844398499,0.6148523092269897
140,0.04642978310585022,0.23136483132839203,0.7867639660835266,0.6178029179573059
141,0.045612309128046036,0.2442033588886261,0.7886849045753479,0.6207699179649353
142,0.04481131210923195,0.2522457540035248,0.7904704213142395,0.6237677335739136
143,0.04401836544275284,0.22916729748249054,0.7922303676605225,0.6267492771148682
144,0.04324560984969139,0.22284665703773499,0.7940757870674133,0.6296670436859131
145,0.0424838662147522,0.21993929147720337,0.7959854602813721,0.6325304508209229
146,0.04173479974269867,0.22364017367362976,0.7978418469429016,0.6353899836540222
147,0.04100285843014717,0.23474350571632385,0.7995821833610535,0.6382725238800049
148,0.04027947410941124,0.22073711454868317,0.801271915435791,0.6411503553390503
149,0.039571408182382584,0.21042382717132568,0.8030139207839966,0.6439800262451172
150,0.038875989615917206,0.20860394835472107,0.8048175573348999,0.6467577815055847
151,0.03819096088409424,0.20936319231987,0.8065941333770752,0.6495213508605957
152,0.037520911544561386,0.21837863326072693,0.8082769513130188,0.6522990465164185
153,0.036860253661870956,0.2101324200630188,0.8099050521850586,0.6550745368003845
154,0.03621206805109978,0.19989368319511414,0.8115649223327637,0.6578116416931152
155,0.03557600826025009,0.19777020812034607,0.8132753372192383,0.6605027914047241
156,0.03494963422417641,0.19801247119903564,0.8149685263633728,0.6631764769554138
157,0.03433609753847122,0.20445670187473297,0.8165856599807739,0.6658574938774109
158,0.03373195230960846,0.1986936628818512,0.8181540966033936,0.668534517288208
159,0.03313876688480377,0.1900607794523239,0.8197444081306458,0.67117840051651
160,0.032556481659412384,0.18772800266742706,0.8213730454444885,0.673782467842102
161,0.03198349475860596,0.18816116452217102,0.8229845762252808,0.6763699054718018
162,0.031421639025211334,0.19248251616954803,0.824532687664032,0.6789600253105164
163,0.03086872398853302,0.18740081787109375,0.8260425329208374,0.6815425753593445
164,0.030325794592499733,0.18061119318008423,0.8275708556175232,0.6840943694114685
165,0.02979251742362976,0.1784408539533615,0.8291256427764893,0.6866123080253601
166,0.029268108308315277,0.1792752742767334,0.8306589126586914,0.6891162395477295
167,0.028753487393260002,0.18176685273647308,0.8321383595466614,0.6916195154190063
168,0.02824721299111843,0.17669712007045746,0.8335915803909302,0.6941110491752625
169,0.02775011584162712,0.17158669233322144,0.8350627422332764,0.6965728998184204
170,0.027261583134531975,0.1698599010705948,0.8365484476089478,0.6990066766738892
171,0.0267814751714468,0.17109595239162445,0.8380066156387329,0.7014296650886536
172,0.026309985667467117,0.17172613739967346,0.8394203782081604,0.7038488388061523
173,0.025846300646662712,0.16672444343566895,0.8408205509185791,0.706251859664917
174,0.025391001254320145,0.16308821737766266,0.8422371745109558,0.7086266875267029
175,0.024943392723798752,0.16200029850006104,0.8436557650566101,0.7109793424606323
176,0.024503691121935844,0.16328202188014984,0.8450424671173096,0.7133236527442932
177,0.02407161146402359,0.16207917034626007,0.8463957905769348,0.7156603336334229
178,0.023646889254450798,0.15762858092784882,0.8477464914321899,0.7179771661758423
179,0.023229705169796944,0.15516795217990875,0.8491089940071106,0.7202685475349426
180,0.022819578647613525,0.15481215715408325,0.8504613637924194,0.7225433588027954
181,0.0224167387932539,0.15549054741859436,0.8517813682556152,0.7248106598854065
182,0.022020727396011353,0.15287035703659058,0.853080689907074,0.727065920829773
183,0.021631624549627304,0.14941389858722687,0.8543844223022461,0.7292992472648621
184,0.021249253302812576,0.14789213240146637,0.8556914925575256,0.7315112352371216
185,0.02087348699569702,0.1480923593044281,0.8569785952568054,0.7337112426757812
186,0.020504271611571312,0.14748038351535797,0.8582384586334229,0.7359023094177246
187,0.020141353830695152,0.14434805512428284,0.8594900965690613,0.7380770444869995
188,0.01978478766977787,0.14201071858406067,0.8607468605041504,0.7402303218841553
189,0.019434314221143723,0.14130142331123352,0.861996054649353,0.7423672676086426
190,0.019089972600340843,0.14134842157363892,0.8632212281227112,0.7444944977760315
191,0.018751513212919235,0.13940705358982086,0.8644291758537292,0.7466094493865967
192,0.01841893047094345,0.13673186302185059,0.8656370043754578,0.7487055063247681
193,0.018092092126607895,0.1353553980588913,0.8668439984321594,0.7507830858230591
194,0.017770899459719658,0.1351507157087326,0.868034303188324,0.7528485655784607
195,0.017455263063311577,0.13422484695911407,0.8692042827606201,0.7549034953117371
196,0.017145050689578056,0.13180863857269287,0.8703674674034119,0.7569426894187927
197,0.016840212047100067,0.1299937665462494,0.8715311884880066,0.7589633464813232
198,0.01654062792658806,0.12935061752796173,0.8726849555969238,0.7609697580337524
199,0.016246242448687553,0.12887339293956757,0.8738195896148682,0.7629656195640564
200,0.015956902876496315,0.12701250612735748,0.8749426603317261,0.7649480700492859
201,0.015672586858272552,0.12503404915332794,0.8760643005371094,0.7669132947921753
202,0.01539316214621067,0.12401902675628662,0.8771803379058838,0.7688630223274231
203,0.015118580311536789,0.123577781021595,0.8782804608345032,0.7708014249801636
204,0.014848723076283932,0.1222454085946083,0.8793666362762451,0.7727277874946594
205,0.014583533629775047,0.12032266706228256,0.8804486989974976,0.7746384143829346
206,0.014322931878268719,0.1190805733203888,0.8815269470214844,0.7765333652496338
207,0.01406682375818491,0.11850836127996445,0.8825926780700684,0.778416097164154
208,0.013815140351653099,0.11752138286828995,0.8836440443992615,0.7802873849868774
209,0.013567805290222168,0.11578933894634247,0.8846889734268188,0.7821443676948547
210,0.013324742205440998,0.11442483216524124,0.8857304453849792,0.7839859127998352
211,0.013085887767374516,0.11372185498476028,0.8867619037628174,0.7858147025108337
212,0.012851165607571602,0.11290407180786133,0.887779712677002,0.7876322269439697
213,0.012620494700968266,0.11138460040092468,0.8887895941734314,0.7894364595413208
214,0.012393810786306858,0.10999607294797897,0.88979572057724,0.7912258505821228
215,0.01217105146497488,0.10919718444347382,0.8907933831214905,0.7930023074150085
216,0.011952153407037258,0.10843759775161743,0.8917785882949829,0.7947674989700317
217,0.011737031862139702,0.10710377991199493,0.8927551507949829,0.7965200543403625
218,0.011525631882250309,0.1057540699839592,0.8937273621559143,0.7982584238052368
219,0.011317901313304901,0.10489626973867416,0.8946921229362488,0.7999838590621948
220,0.011113771237432957,0.10415755957365036,0.8956454396247864,0.8016980290412903
221,0.010913177393376827,0.10295884311199188,0.8965899348258972,0.8034000396728516
222,0.010716061107814312,0.10167362540960312,0.8975296020507812,0.805088460445404
223,0.010522360913455486,0.10078606754541397,0.8984624147415161,0.8067641854286194
224,0.010332019999623299,0.10005003958940506,0.8993847966194153,0.8084286451339722
225,0.010144984349608421,0.09896156936883926,0.9002983570098877,0.8100813627243042
226,0.00996119249612093,0.09774170070886612,0.9012067914009094,0.8117209672927856
227,0.00978059135377407,0.09685317426919937,0.9021087288856506,0.8133481740951538
228,0.00960312969982624,0.09612492471933365,0.9030008912086487,0.814964234828949
229,0.009428752586245537,0.09509877860546112,0.9038846492767334,0.8165687918663025
230,0.009257405065000057,0.09395906329154968,0.9047630429267883,0.8181607723236084
231,0.009089035913348198,0.09308863431215286,0.9056349992752075,0.8197406530380249
232,0.008923597633838654,0.09234949201345444,0.9064979553222656,0.821309506893158
233,0.00876103900372982,0.09138422459363937,0.9073528051376343,0.8228670358657837
234,0.008601316250860691,0.09031354635953903,0.9082021713256836,0.8244124054908752
235,0.008444379083812237,0.08946998417377472,0.9090452194213867,0.825946033000946
236,0.008290175348520279,0.08873811364173889,0.9098796844482422,0.8274688720703125
237,0.008138659410178661,0.08780210465192795,0.910706639289856,0.828980565071106
238,0.007989789359271526,0.08680704236030579,0.9115280508995056,0.8304805159568787
239,0.00784351583570242,0.08599609136581421,0.9123430848121643,0.8319690823554993
240,0.007699802052229643,0.08526312559843063,0.9131500124931335,0.8334469795227051
241,0.007558598183095455,0.08435914665460587,0.9139499068260193,0.8349139094352722
242,0.007419869769364595,0.08343144506216049,0.9147442579269409,0.8363694548606873
243,0.00728356558829546,0.08265911787748337,0.9155321717262268,0.8378140330314636
244,0.007149644661694765,0.08192035555839539,0.9163124561309814,0.8392481207847595
245,0.007018074858933687,0.08105109632015228,0.9170861840248108,0.8406714200973511
246,0.00688881054520607,0.08018593490123749,0.9178543090820312,0.8420836925506592
247,0.006761814467608929,0.07944409549236298,0.918615996837616,0.8434852957725525
248,0.006637047976255417,0.07870947569608688,0.9193704724311829,0.8448766469955444
249,0.0065144747495651245,0.077870212495327,0.9201188087463379,0.8462573885917664
250,0.006394051481038332,0.07705947011709213,0.9208616018295288,0.8476274013519287
251,0.006275752559304237,0.07635796815156937,0.9215978384017944,0.8489871621131897
252,0.00615953141823411,0.07561548054218292,0.9223273396492004,0.8503367900848389
253,0.006045358721166849,0.07480549067258835,0.9230511784553528,0.8516759872436523
254,0.005933196283876896,0.07406237721443176,0.9237693548202515,0.8530048727989197
255,0.005823008716106415,0.07337871938943863,0.9244810342788696,0.8543237447738647
256,0.005714770406484604,0.07264214009046555,0.9251863956451416,0.8556326627731323
257,0.005608444567769766,0.07186752557754517,0.9258863925933838,0.8569313883781433
258,0.005503996275365353,0.07117335498332977,0.9265806674957275,0.858220100402832
259,0.005401396658271551,0.07051011919975281,0.9272685647010803,0.8594991564750671
260,0.005300608463585377,0.0697750449180603,0.9279506802558899,0.8607683777809143
261,0.005201606545597315,0.0690491572022438,0.9286275506019592,0.862027645111084
262,0.005104363430291414,0.0683998093008995,0.9292985796928406,0.8632772564888
263,0.0050088404677808285,0.06773395091295242,0.9299635291099548,0.8645173907279968
264,0.004915015771985054,0.06701824814081192,0.9306231737136841,0.8657478094100952
265,0.004822858143597841,0.06635071337223053,0.9312774538993835,0.8669686317443848
266,0.004732339642941952,0.0657166987657547,0.9319260120391846,0.8681800961494446
267,0.004643432330340147,0.06506196409463882,0.9325688481330872,0.8693822622299194
268,0.004556103143841028,0.0643756315112114,0.9332066178321838,0.870574951171875
269,0.00447033392265439,0.06374775618314743,0.9338390827178955,0.8717582821846008
270,0.004386095330119133,0.06313911825418472,0.9344658255577087,0.8729325532913208
271,0.004303362686187029,0.06248747929930687,0.9350872039794922,0.8740977048873901
272,0.004222103860229254,0.06182984262704849,0.9357038140296936,0.8752535581588745
273,0.004142297897487879,0.06124449893832207,0.93631511926651,0.8764004111289978
274,0.004063918720930815,0.06065315753221512,0.9369207620620728,0.8775384426116943
275,0.00398694584146142,0.0600041039288044,0.9375215172767639,0.878667414188385
276,0.003911355510354042,0.05939922481775284,0.9381174445152283,0.8797873854637146
277,0.003837122581899166,0.05883820354938507,0.9387080073356628,0.880898654460907
278,0.003764219582080841,0.05823775380849838,0.939293384552002,0.8820012211799622
279,0.0036926288157701492,0.05762355402112007,0.9398741722106934,0.8830949664115906
280,0.0036223253700882196,0.057067204266786575,0.9404499530792236,0.8841800689697266
281,0.003553284564986825,0.05650421231985092,0.9410206079483032,0.8852566480636597
282,0.003485493827611208,0.05592334643006325,0.9415863752365112,0.8863247036933899
283,0.003418920561671257,0.05533936247229576,0.9421476721763611,0.8873841762542725
284,0.003353552892804146,0.05481313169002533,0.9427039623260498,0.8884352445602417
285,0.0032893652096390724,0.054261934012174606,0.9432552456855774,0.8894780278205872
286,0.003226339118555188,0.05368208885192871,0.9438021779060364,0.8905124068260193
287,0.003164453199133277,0.05315626412630081,0.9443444609642029,0.8915385007858276
288,0.003103687195107341,0.052638012915849686,0.944881796836853,0.8925564289093018
289,0.0030440264381468296,0.05208711326122284,0.9454146027565002,0.8935661911964417
290,0.0029854506719857454,0.051554445177316666,0.9459429979324341,0.8945677876472473
291,0.002927938010543585,0.0510469526052475,0.9464667439460754,0.8955613970756531
292,0.00287146819755435,0.05052495747804642,0.9469860196113586,0.8965469598770142
293,0.00281603098846972,0.05001736432313919,0.9475007653236389,0.8975245952606201
294,0.0027616037987172604,0.04950601980090141,0.948011040687561,0.8984943628311157
295,0.0027081670705229044,0.04899098724126816,0.9485171437263489,0.8994562029838562
296,0.002655709395185113,0.048515383154153824,0.9490187168121338,0.9004102945327759
297,0.002604210516437888,0.048021525144577026,0.9495158195495605,0.9013566970825195
298,0.0025536511093378067,0.047509439289569855,0.9500088691711426,0.9022953510284424
299,0.002504018833860755,0.04703659191727638,0.9504977464675903,0.9032263159751892
300,0.002455297391861677,0.046581778675317764,0.9509820342063904,0.9041498303413391
301,0.002407470718026161,0.04608292505145073,0.9514622092247009,0.9050657749176025
302,0.002360521350055933,0.04559849947690964,0.9519385695457458,0.9059740900993347
303,0.0023144367150962353,0.04516756162047386,0.9524104595184326,0.9068750739097595
304,0.0022691988851875067,0.04469279944896698,0.9528782367706299,0.9077686667442322
305,0.00222479784861207,0.04422498121857643,0.953342080116272,0.9086548686027527
306,0.002181214513257146,0.04377822205424309,0.9538019299507141,0.9095337390899658
307,0.002138438867405057,0.04334551468491554,0.9542575478553772,0.9104054570198059
308,0.002096452284604311,0.04288322478532791,0.9547092914581299,0.9112699627876282
309,0.0020552424248307943,0.04243850335478783,0.9551573395729065,0.9121272563934326
310,0.0020147967152297497,0.04203294962644577,0.9556010961532593,0.9129775762557983
311,0.0019750988576561213,0.04157590493559837,0.9560410976409912,0.9138208031654358
312,0.0019361400045454502,0.04114370420575142,0.9564774632453918,0.914656937122345
313,0.0018979061860591173,0.040746890008449554,0.956909716129303,0.915486216545105
314,0.0018603811040520668,0.04030946269631386,0.9573382139205933,0.916308581829071
315,0.0018235576571896672,0.03988594934344292,0.9577631950378418,0.9171239733695984
316,0.0017874215263873339,0.03950132802128792,0.9581841230392456,0.9179326891899109
317,0.0017519575776532292,0.039072416722774506,0.9586014747619629,0.9187345504760742
318,0.001717157894745469,0.03866806998848915,0.9590152502059937,0.9195296764373779
319,0.0016830114182084799,0.0382845439016819,0.9594252109527588,0.9203181862831116
320,0.001649502431973815,0.03787840157747269,0.9598315358161926,0.9211000800132751
321,0.001616620342247188,0.03747156634926796,0.9602345824241638,0.9218752384185791
322,0.001584359211847186,0.0371178463101387,0.9606336951255798,0.9226440191268921
323,0.0015527020441368222,0.03671233728528023,0.9610292911529541,0.9234063029289246
324,0.001521640457212925,0.03631357476115227,0.9614217281341553,0.924161970615387
325,0.0014911646721884608,0.03596748411655426,0.9618104696273804,0.9249113202095032
326,0.0014612654922530055,0.03559902310371399,0.9621953964233398,0.925654411315918
327,0.0014319297624751925,0.035182904452085495,0.9625774621963501,0.9263910055160522
328,0.001403148635290563,0.03484766557812691,0.9629560708999634,0.9271213412284851
329,0.001374912215396762,0.034508854150772095,0.9633307456970215,0.9278456568717957
330,0.0013472088612616062,0.034092746675014496,0.9637026786804199,0.9285635948181152
331,0.001320031937211752,0.033764924854040146,0.9640712141990662,0.929275393486023
332,0.001293370733037591,0.0334295891225338,0.9644361138343811,0.9299811720848083
333,0.001267219427973032,0.033056605607271194,0.964797854423523,0.9306808710098267
334,0.001241563237272203,0.03269727900624275,0.9651567339897156,0.9313744306564331
335,0.001216395990923047,0.032394200563430786,0.9655119776725769,0.9320621490478516
336,0.0011917103547602892,0.03203904628753662,0.9658638834953308,0.9327439665794373
337,0.0011674966663122177,0.03166915103793144,0.9662132263183594,0.9334197044372559
338,0.001143745263107121,0.031383488327264786,0.9665589928627014,0.934089720249176
339,0.0011204491602256894,0.03104255348443985,0.9669014811515808,0.9347540140151978
340,0.0010975993936881423,0.030682945623993874,0.9672413468360901,0.9354123473167419
341,0.00107518769800663,0.03038955293595791,0.9675779938697815,0.9360650181770325
342,0.0010532073210924864,0.030081089586019516,0.9679112434387207,0.9367121458053589
343,0.001031648600474,0.029724227264523506,0.9682418704032898,0.9373534321784973
344,0.0010105075780302286,0.029430348426103592,0.9685695171356201,0.9379891157150269
345,0.000989774358458817,0.029143113642930984,0.9688937067985535,0.9386194348335266
346,0.000969440268818289,0.02878902293741703,0.9692153930664062,0.9392440319061279
347,0.0009495001868344843,0.02850155532360077,0.9695342183113098,0.9398631453514099
348,0.0009299449156969786,0.02822420373558998,0.969849705696106,0.9404769539833069
349,0.0009107691585086286,0.027890656143426895,0.970162570476532,0.9410852789878845
350,0.0008919652318581939,0.027595434337854385,0.9704727530479431,0.9416881799697876
351,0.0008735266164876521,0.027327610179781914,0.9707797765731812,0.9422858357429504
352,0.0008554484811611474,0.02702190913259983,0.9710839986801147,0.9428781867027283
353,0.0008377213380299509,0.026718638837337494,0.9713857173919678,0.9434651732444763
354,0.0008203409379348159,0.026460329070687294,0.9716843962669373,0.9440470933914185
355,0.0008032986661419272,0.026164278388023376,0.9719803929328918,0.9446238279342651
356,0.0007865884690545499,0.025877591222524643,0.9722737669944763,0.9451953172683716
357,0.0007702065631747246,0.02561075985431671,0.9725643992424011,0.9457617402076721
358,0.0007541460799984634,0.025342384353280067,0.9728521704673767,0.9463231563568115
359,0.0007384016644209623,0.02505423314869404,0.9731374382972717,0.946879506111145
360,0.000722964818123728,0.0247859638184309,0.9734202027320862,0.9474308490753174
361,0.0007078323978930712,0.024541402235627174,0.9736999869346619,0.9479773044586182
362,0.0006929990486241877,0.02425156906247139,0.9739774465560913,0.9485188126564026
363,0.000678455806337297,0.02399599552154541,0.9742524027824402,0.9490553736686707
364,0.0006642010994255543,0.02375698834657669,0.9745244383811951,0.9495872259140015
365,0.0006502280593849719,0.023469194769859314,0.974794328212738,0.9501141309738159
366,0.0006365326698869467,0.023240573704242706,0.9750614762306213,0.9506363272666931
367,0.000623108062427491,0.0229814276099205,0.9753261208534241,0.9511538147926331
368,0.0006099501042626798,0.02272418886423111,0.9755884408950806,0.951666533946991
369,0.0005970536731183529,0.022490227594971657,0.9758481383323669,0.9521746635437012
370,0.0005844128900207579,0.02223283424973488,0.9761055707931519,0.9526780843734741
371,0.0005720255430787802,0.022005930542945862,0.9763604402542114,0.9531769752502441
372,0.000559884705580771,0.021759072318673134,0.97661292552948,0.9536712765693665
373,0.0005479856044985354,0.021514035761356354,0.9768632054328918,0.9541609883308411
374,0.0005363259115256369,0.021299462765455246,0.9771108627319336,0.9546462893486023
375,0.0005248998641036451,0.021050360053777695,0.9773563146591187,0.9551271200180054
376,0.0005137014086358249,0.02081744186580181,0.9775996208190918,0.9556034207344055
377,0.0005027290317229927,0.020615192130208015,0.97784024477005,0.9560754895210266
378,0.0004919779021292925,0.02036362886428833,0.9780787825584412,0.9565431475639343
379,0.00048144132597371936,0.020135629922151566,0.9783153533935547,0.9570063352584839
380,0.0004711186629720032,0.019956642761826515,0.978549063205719,0.9574654698371887
381,0.00046100394683890045,0.019691508263349533,0.9787809252738953,0.9579201936721802
382,0.00045109385973773897,0.019482199102640152,0.979010820388794,0.9583706259727478
383,0.00044138386147096753,0.01930810511112213,0.9792378544807434,0.9588170647621155
384,0.00043187139090150595,0.019044075161218643,0.9794632196426392,0.9592591524124146
385,0.0004225523443892598,0.01885337568819523,0.979686439037323,0.9596971273422241
386,0.00041342212352901697,0.01866527460515499,0.9799071550369263,0.9601311683654785
387,0.000404476624680683,0.018424149602651596,0.9801260828971863,0.9605609774589539
388,0.00039571544039063156,0.018238170072436333,0.9803428649902344,0.9609867930412292
389,0.00038713146932423115,0.018043331801891327,0.980557382106781,0.9614086747169495
390,0.0003787227033171803,0.01782466098666191,0.9807700514793396,0.961826503276825
391,0.0003704862610902637,0.01763966493308544,0.9809805750846863,0.9622403979301453
392,0.0003624190285336226,0.01744544692337513,0.981188952922821,0.9626504182815552
393,0.0003545174258761108,0.017238270491361618,0.9813954830169678,0.9630565047264099
394,0.0003467774367891252,0.01705392263829708,0.9815999865531921,0.963458776473999
395,0.0003391965292394161,0.016867471858859062,0.9818024039268494,0.9638572335243225
396,0.0003317724622320384,0.016671577468514442,0.9820029139518738,0.9642518758773804
397,0.00032450107391923666,0.016484245657920837,0.9822015762329102,0.9646427035331726
398,0.00031738061807118356,0.016316454857587814,0.9823980331420898,0.9650298953056335
399,0.0003104067873209715,0.016110170632600784,0.9825928211212158,0.9654133319854736
400,0.00030357748619280756,0.015941007062792778,0.982785701751709,0.9657930731773376
401,0.00029688983340747654,0.015773601830005646,0.9829764366149902,0.9661692976951599
402,0.00029034007457084954,0.015567883849143982,0.9831656813621521,0.9665417671203613
403,0.00028392739477567375,0.015420571900904179,0.983352780342102,0.9669107794761658
404,0.00027764664264395833,0.015227816998958588,0.9835382103919983,0.9672761559486389
405,0.00027149784727953374,0.015065191313624382,0.9837217330932617,0.9676380157470703
406,0.00026547833112999797,0.014896735548973083,0.9839033484458923,0.9679964184761047
407,0.00025958355399779975,0.014711755327880383,0.9840834736824036,0.9683512449264526
408,0.00025381220621056855,0.014570922590792179,0.9842615127563477,0.9687027335166931
409,0.0002481625124346465,0.01439142320305109,0.9844378232955933,0.9690508246421814
410,0.0002426301798550412,0.014213863760232925,0.9846127033233643,0.9693953990936279
411,0.00023721455363556743,0.014083842746913433,0.9847854971885681,0.9697367548942566
412,0.00023191332002170384,0.013907745480537415,0.9849565625190735,0.9700747728347778
413,0.00022672324848826975,0.013730396516621113,0.9851263761520386,0.9704093337059021
414,0.000221642927499488,0.01361880823969841,0.9852938652038574,0.970740795135498
415,0.0002166695921914652,0.013417426496744156,0.9854601621627808,0.9710688591003418
416,0.0002118022966897115,0.01328885555267334,0.9856246709823608,0.9713937640190125
417,0.00020703731570392847,0.013140667229890823,0.9857873320579529,0.97171550989151
418,0.00020237390708643943,0.012968468479812145,0.9859486222267151,0.9720339775085449
419,0.0001978101208806038,0.01283652987331152,0.9861081838607788,0.9723493456840515
420,0.00019334281387273222,0.01268794760107994,0.9862660765647888,0.9726616144180298
421,0.00018897096742875874,0.012533322907984257,0.9864224791526794,0.9729707837104797
422,0.00018469167116563767,0.012390484102070332,0.9865773916244507,0.9732768535614014
423,0.0001805041538318619,0.012263407930731773,0.9867304563522339,0.9735799431800842
424,0.0001764061744324863,0.012097610160708427,0.9868822693824768,0.9738799333572388
425,0.00017239616136066616,0.011975690722465515,0.987032413482666,0.9741770029067993
426,0.00016847153892740607,0.0118334349244833,0.9871810078620911,0.9744710922241211
427,0.00016463185602333397,0.011692289263010025,0.9873281121253967,0.9747622013092041
428,0.0001608748425496742,0.01155577041208744,0.9874737858772278,0.9750503897666931
429,0.00015719830116722733,0.011427427642047405,0.9876179099082947,0.9753357172012329
430,0.00015360137331299484,0.011292891576886177,0.9877605438232422,0.9756181836128235
431,0.00015008191985543817,0.01115580927580595,0.9879018068313599,0.9758977293968201
432,0.00014663953334093094,0.011037739925086498,0.9880414605140686,0.976174533367157
433,0.00014327064855024219,0.010891896672546864,0.9881799221038818,0.9764484763145447
434,0.00013997517817188054,0.010782784782350063,0.9883167743682861,0.9767197370529175
435,0.00013675083755515516,0.010645778849720955,0.9884522557258606,0.9769881963729858
436,0.00013359692820813507,0.010517165064811707,0.9885864853858948,0.9772538542747498
437,0.00013051247515249997,0.010414984077215195,0.9887189865112305,0.9775169491767883
438,0.000127494364278391,0.010259839706122875,0.9888505935668945,0.9777771830558777
439,0.00012454294483177364,0.010177012532949448,0.9889804124832153,0.9780349135398865
440,0.00012165528460172936,0.01002971176058054,0.9891090989112854,0.9782899618148804
441,0.00011883121624123305,0.009916242212057114,0.9892365336418152,0.9785423874855042
442,0.00011606890620896593,0.00981495063751936,0.989362359046936,0.9787923097610474
443,0.00011336677562212572,0.009671393781900406,0.9894872307777405,0.9790395498275757
444,0.00011072460620198399,0.009581809863448143,0.9896106123924255,0.9792842864990234
445,0.00010814081906573847,0.009468433447182178,0.9897324442863464,0.9795265793800354
446,0.0001056141045410186,0.009321867488324642,0.9898536801338196,0.9797661900520325
447,0.00010314235260011628,0.009263911284506321,0.9899730086326599,0.9800035357475281
448,0.00010072575241792947,0.009118972346186638,0.9900912642478943,0.9802383184432983
449,9.836264507612213e-05,0.009002403356134892,0.9902086853981018,0.9804705381393433
